field_id,crop_id
757,6
756,6
1372,5
1374,1
1986,4
1988,2
3293,1
2878,3
2691,1
2689,2
2690,2
2880,1
7238,4
7240,2
7239,2
7241,1
5014,4
5016,4
5017,4
5015,4
4256,4
4257,4
4258,4
4255,4
4185,4
4186,4
4181,4
3281,2
2563,4
1950,1
1919,6
3086,1
1920,1
3085,1
1921,3
2324,6
2318,1
3367,1
3369,2
3370,1
3371,1
3372,1
2317,1
2319,1
4411,4
4412,4
5026,4
4517,4
4676,4
4518,4
4675,4
442,2
7161,9
7162,9
7249,9
730,1
728,1
727,1
539,5
1181,1
1300,3
1301,2
440,1
879,1
441,4
880,4
1178,4
1179,1
1180,1
1942,1
1940,1
6185,1
6245,2
6248,13
6249,13
6246,8
5531,2
5533,1
1892,2
3778,4
3779,4
4631,4
4630,4
4632,4
6216,8
6215,2
6214,2
6213,1
7209,9
3607,1
3278,2
1107,1
118,6
1615,1
1616,3
1493,2
6835,9
6834,9
1730,1
3213,4
2664,4
1732,4
3212,2
2667,3
3211,1
2668,1
3214,1
3002,1
2212,2
2211,1
422,1
322,5
964,3
963,1
206,1
207,1
962,2
960,1
961,1
965,1
1655,1
788,1
538,4
132,6
1653,1
56,1
32,4
1343,4
6473,9
6474,9
1117,1
1118,1
1539,1
1513,1
1047,1
245,1
246,1
248,1
1048,1
1255,1
247,1
4962,36
4262,36
4263,36
4012,4
4009,4
4010,4
4013,4
4014,4
2160,2
2080,1
2161,3
2083,2
2162,1
2082,2
3154,1
3157,1
3156,3
3155,1
3229,1
1872,2
1870,1
1871,1
3341,2
3343,1
3342,1
3344,6
5467,1
432,1
216,1
1508,1
178,1
861,1
324,1
325,6
859,4
860,2
6832,4
6831,4
6830,4
6833,4
6829,4
6828,4
6630,2
2131,1
2130,1
2228,1
2229,1
4588,4
4591,4
4587,4
4586,4
5003,4
5002,4
5000,4
1595,1
1241,1
1592,2
1594,1
1243,1
576,4
1246,4
1244,2
573,2
574,1
438,6
439,3
437,1
1590,2
1593,4
5413,1
5414,1
5415,1
5024,4
5025,4
4399,4
7214,9
7212,9
6429,1
6428,1
227,1
225,2
224,2
720,4
719,6
5287,1
6149,1
6150,1
6335,1
7227,1
7228,9
7198,1
7200,1
7199,1
6342,1
6345,1
6344,1
7042,2
6763,2
7044,2
6762,4
4823,15
6199,1
6201,1
6196,1
6197,1
6198,1
5453,2
6152,2
6153,2
6156,2
5751,2
5456,2
5455,2
5454,2
578,1
1369,1
2352,2
2354,4
2624,1
2625,2
1953,1
2351,1
2356,2
2355,1
1952,2
1951,4
1238,1
1239,2
1104,2
948,3
1236,3
1240,1
507,1
509,2
510,1
1103,2
508,1
167,1
164,4
3444,2
3205,1
3445,1
3442,1
1990,1
2630,1
2629,6
1514,4
1515,2
3744,4
5177,4
5178,4
4700,4
5260,4
4146,4
5674,1
5673,2
5880,1
5882,8
6637,4
6638,4
6636,4
6959,9
6852,9
2693,1
3487,1
2976,1
2977,1
2707,1
2975,1
818,2
591,1
592,1
693,2
4312,4
4316,4
4804,4
4317,4
4314,4
4315,4
3818,4
3814,4
3815,4
3813,4
3816,4
4455,4
4456,4
6097,2
2772,1
2555,4
2557,1
3606,2
2807,1
4138,36
5199,36
5202,36
4140,36
4347,4
4348,4
4345,4
7300,9
7302,9
6784,1
5755,1
5499,1
5754,2
5498,13
1436,2
1437,2
1435,6
511,1
10,1
3553,1
3460,1
3461,1
1850,1
3566,4
2771,2
1849,1
2778,1
2779,1
2822,2
3530,2
2141,5
2149,1
1718,1
3529,1
1716,1
1715,1
899,4
45,1
107,1
110,6
46,1
6978,1
6977,9
6476,1
6741,1
6743,5
6604,9
6931,1
4225,4
4227,4
4149,4
4226,4
4147,4
6103,1
6104,1
1578,2
656,2
661,1
1125,1
1579,1
1577,3
1576,6
657,2
1124,2
2367,2
2793,8
5713,4
1479,4
1480,4
1477,4
1478,1
896,1
898,4
1248,1
1247,1
3619,1
7136,4
6771,9
7137,9
6781,2
7139,9
6847,2
6779,9
6815,15
6780,4
6814,2
6461,9
6460,9
6663,4
6459,9
6458,9
7047,9
6666,9
7045,9
2338,4
1859,14
1862,3
1861,1
3255,1
2717,1
2854,1
673,2
670,4
672,2
669,1
671,1
941,1
940,1
3965,4
3966,4
3964,4
3962,4
3963,4
88,4
89,6
1346,1
1349,1
1250,1
1348,1
694,1
6864,6
5231,4
6233,1
5861,1
5859,1
5862,1
5858,2
5953,1
5954,1
5950,8
5997,13
5266,2
5998,1
5994,1
5993,1
5996,1
6263,2
5265,2
6080,2
5698,1
6075,13
6079,1
6257,1
6258,1
2870,6
2869,1
1123,2
695,1
540,2
646,4
6088,2
6019,2
5720,1
2519,1
2430,4
5547,1
6122,2
6121,2
6952,4
6951,2
6530,4
7130,2
6528,2
6531,4
3159,4
3162,1
3163,1
3158,2
2984,1
2988,2
2985,1
3000,1
3128,1
3127,15
3126,1
3129,2
3033,1
3036,1
3031,1
3034,1
3032,1
3035,1
3581,1
1726,1
1725,1
2750,1
2751,1
1807,1
1806,1
2309,2
2824,1
2310,2
6957,9
6818,4
6819,9
7157,9
1554,6
1555,6
1558,2
1282,1
1556,2
1283,2
1284,2
1285,4
4771,9
4773,9
3733,4
3994,4
3734,4
3732,4
4844,4
4843,4
3731,4
3736,4
3735,4
7140,2
7141,4
6764,9
5475,1
5734,1
5733,1
5474,2
6147,2
5465,2
5446,1
3188,2
6405,1
6406,1
6364,15
6365,15
6868,2
6413,2
6870,2
411,2
410,1
6950,1
6890,9
5633,2
2919,1
2918,2
2916,1
2662,1
2663,1
2903,1
3052,3
3681,4
4516,4
4514,4
3680,4
3685,4
3683,4
3682,4
5167,4
5166,4
484,4
481,4
485,4
486,1
1626,4
1428,4
1426,4
1429,4
1628,4
1427,4
1430,4
1627,4
6172,2
6173,2
5912,2
5915,2
6171,1
5917,8
5916,2
2806,1
2808,2
2640,1
2948,2
1787,1
1788,1
1790,1
1785,1
2813,2
3569,1
3114,1
1650,1
1573,1
4120,36
4119,4
4945,36
4946,36
4944,36
4948,36
2033,1
1947,2
5425,1
5426,8
5424,2
5427,2
2438,1
2435,1
2436,1
2437,1
3395,1
5624,2
5621,1
6102,1
3419,1
2155,1
2077,1
2154,1
2849,6
2848,1
2599,1
1893,1
2023,2
2024,1
1894,1
2641,2
3301,1
3302,1
3300,2
3476,1
2099,1
2342,1
2343,2
1933,1
3504,14
3503,1
5635,2
5637,1
5918,1
5920,1
5919,1
2095,6
1980,15
3532,1
3531,1
3204,1
2096,1
2098,1
2761,1
3441,1
6036,2
5377,2
5378,2
5379,2
5381,13
5380,8
5382,1
5911,1
3131,2
3130,1
6123,1
2103,1
2102,1
2505,1
2502,1
2101,1
2104,1
2503,1
4894,15
4896,15
2094,1
2400,1
2398,1
2904,6
2907,1
2908,2
2906,6
2134,1
2587,1
3621,1
2586,1
2524,1
2527,1
2528,1
2526,1
2525,1
2529,1
1660,6
5383,2
6555,14
6553,1
6558,4
6556,1
6554,36
3089,1
2173,2
2500,2
2499,1
1832,1
1831,1
4782,4
4777,4
3920,4
3916,4
3918,4
3919,4
1635,1
275,4
276,1
1634,2
7004,2
6547,4
6523,9
6521,9
6549,4
2699,1
3108,2
3112,1
3111,1
3019,1
3150,1
3149,2
3016,1
3017,1
3020,1
2695,1
2840,1
2477,1
2480,2
2572,1
2479,15
2478,2
3146,1
3148,1
2957,1
2955,2
2574,1
2573,1
2569,1
2570,1
2571,1
7116,9
5320,1
5322,1
4906,4
4904,4
4903,4
5247,4
4509,4
4506,4
4508,4
4522,4
4520,4
4523,4
4410,4
4656,4
2247,1
2795,2
2794,2
5932,2
5934,2
5807,2
5809,2
4789,4
4791,4
4790,4
3642,4
3641,4
3640,4
773,6
17,1
16,1
778,1
774,2
15,2
3805,4
3807,4
3806,4
4729,4
5503,1
2871,2
2872,1
5879,2
5347,8
1778,1
3273,1
3270,9
2086,1
3014,1
3015,1
3274,1
2088,1
3271,1
5480,1
1130,1
1131,3
750,1
1365,3
1363,1
1605,1
1366,1
751,1
249,1
1603,1
746,5
1606,2
1364,1
1367,1
749,3
747,1
1948,2
5528,1
6168,1
6004,2
6005,2
5334,2
2066,2
2530,1
2532,1
2065,1
2064,2
2531,1
2386,15
2385,1
6488,15
5588,1
83,1
85,2
631,1
84,2
2956,1
2958,1
3285,1
3283,1
3284,1
1937,1
1938,1
1939,1
3594,6
2172,1
2773,1
2051,1
2050,1
2052,1
5324,1
5323,1
5326,1
5325,1
5608,2
5607,1
4869,36
4747,36
4873,36
4745,36
1166,1
3552,4
2000,1
33,2
35,1
34,3
6981,1
3505,2
2137,1
3519,1
3520,1
2139,1
2136,4
2595,1
1954,4
3458,1
6881,4
6883,4
6885,9
6882,4
1218,3
1116,2
474,2
1053,2
1052,3
1215,4
1217,2
1669,2
446,4
445,4
1670,4
833,6
447,2
1668,6
1114,6
831,2
1671,2
1216,3
1050,4
476,1
1219,2
444,2
830,6
1115,6
834,1
5556,1
5818,1
3069,1
2005,2
3068,1
2009,3
2008,2
2006,1
2007,1
2961,1
2638,2
3070,2
1078,2
804,3
1026,1
1025,1
2045,1
2181,1
6220,2
6222,2
6223,2
6221,2
5685,8
5663,2
5687,1
5664,2
171,1
172,1
175,1
233,1
170,1
235,1
1196,1
5834,1
5742,1
6023,1
6022,1
2800,1
3226,1
1890,2
3467,1
1891,1
1889,1
2034,1
3468,1
2122,1
3470,1
1887,6
1886,1
1888,1
3466,1
942,1
533,1
976,1
977,1
978,6
1171,1
1170,1
6887,15
4814,4
3772,4
3771,4
4815,4
1169,1
1139,1
334,2
333,1
1847,1
2461,3
2463,1
3543,1
1846,1
1845,3
6274,1
6227,1
6225,2
6229,1
6228,2
323,1
7127,2
7129,9
6837,9
7128,9
6645,1
6647,9
7189,9
7060,9
7058,4
1699,1
1701,1
1698,1
3923,4
3927,4
3925,4
3922,4
3926,4
3924,4
470,1
421,6
1625,6
6752,9
6738,9
6740,9
4638,4
4637,4
4639,4
5155,4
5156,4
4231,4
5154,4
3667,4
3666,4
4232,4
3668,4
7000,4
6999,4
6997,36
7009,4
7008,4
7007,9
6672,9
7064,9
7050,2
7048,2
6403,9
2256,1
1693,1
2257,1
1695,1
1697,1
1696,2
6397,2
6844,4
6067,2
6024,2
6027,2
6029,2
5820,2
5819,2
6026,2
6068,1
6116,1
5434,1
6268,1
5831,13
5340,13
6238,13
7202,9
7255,2
7253,9
7254,9
5643,2
6251,2
6252,1
5300,8
5302,8
5299,2
5897,13
5893,2
5699,2
5702,13
5700,13
5701,13
6262,1
6260,13
6261,13
5825,2
5824,2
5293,2
5292,1
5294,13
3511,1
3509,1
3510,2
3508,1
6694,2
6696,9
6843,2
7327,9
7117,9
6719,2
5864,1
398,4
357,4
397,1
399,1
1289,4
1288,6
379,4
382,1
326,1
1268,6
811,6
82,1
1269,1
1272,1
1270,1
1271,1
6851,1
3454,1
2307,2
2752,1
3580,1
1724,1
2305,16
2826,1
2308,2
2723,4
2720,1
2724,1
2722,1
2721,3
2719,1
3260,3
6106,1
674,2
4341,4
4344,4
3657,4
4340,4
4342,4
4343,4
3658,4
4489,4
4488,4
4688,4
4491,4
4490,4
4898,4
4492,4
1012,2
875,4
1013,1
874,1
1666,1
58,1
1665,1
763,4
967,4
969,1
970,1
935,6
1488,4
968,6
624,4
625,4
627,4
936,2
972,1
937,1
6806,2
6807,2
4094,4
4095,4
4802,36
4254,4
5194,4
5226,4
5193,4
6296,2
6297,2
6298,2
4649,4
794,1
3223,1
3225,1
1796,1
1226,1
1225,2
1224,1
4918,4
4672,4
4434,4
4670,4
4674,4
5762,2
5763,2
5760,1
6035,2
4337,4
4338,4
4335,4
4339,4
4334,4
4336,4
4385,4
4384,4
6107,1
3591,1
5403,2
5404,2
5402,2
5400,2
5551,2
5549,2
6720,15
7099,2
7103,2
7101,4
7098,2
1187,2
1188,1
919,4
506,1
504,2
922,4
1484,1
1141,5
1076,4
938,1
218,1
958,1
1077,4
1074,4
1073,4
1072,4
1075,4
799,4
454,2
1469,6
1470,1
1337,2
1335,3
2835,1
2833,1
2832,1
2513,1
2831,2
3082,1
3083,1
2177,1
1742,1
3249,1
2512,1
2175,1
2777,1
2176,1
2178,2
1740,1
3247,2
3081,1
3449,1
3246,1
2511,2
2775,1
3450,2
3245,1
3248,1
3250,8
2035,2
2038,2
2774,1
2036,1
2776,1
3230,1
1741,1
2514,1
2037,1
1910,1
2613,1
3078,1
3252,1
2090,2
2089,2
2971,4
2972,1
2973,1
2469,2
549,4
1531,4
268,4
269,4
1532,1
548,4
1529,4
5756,1
5757,1
5758,2
2727,1
2729,1
2728,1
2730,1
5949,2
7085,9
7082,9
7086,4
7084,4
7015,2
6792,2
6791,2
6790,2
6975,2
6826,2
5353,13
5357,13
5356,1
5354,1
5355,2
5352,2
31,1
1342,1
1228,1
1229,1
556,1
1146,1
1143,2
1145,1
1144,8
1344,4
554,1
555,1
5275,1
910,13
2378,6
3486,4
2320,2
3378,6
3330,6
2322,6
3377,15
2321,6
2380,6
4913,4
5249,4
5248,4
5246,4
4521,4
4507,4
7192,2
7056,9
7053,9
5865,13
4732,36
4701,4
3810,4
6279,2
6277,2
6278,2
6280,2
4908,4
822,1
7078,9
7080,9
1001,2
1002,1
374,2
1003,2
375,2
868,1
1028,4
1031,2
835,4
838,2
6239,1
7148,2
7326,9
7119,9
7155,2
6722,2
7156,36
7154,36
3706,4
4285,4
1776,1
1775,4
2215,1
1774,1
1777,1
4626,4
4937,4
4604,4
4144,4
4603,4
4605,4
1649,1
1199,1
1027,2
662,1
480,1
412,1
1667,2
478,1
676,1
677,4
257,1
462,2
256,2
679,4
1122,2
1651,1
915,1
244,1
619,4
1855,1
2115,1
2576,1
1294,4
1293,4
553,1
1647,1
1648,1
889,1
36,2
944,1
6761,9
7173,4
7171,9
7172,9
7175,9
7174,9
6684,36
6687,36
6683,36
1,1
6157,2
5517,8
5444,1
5445,2
5443,2
6159,8
5515,1
6161,2
5516,1
5514,2
6158,2
6160,4
5519,2
5706,2
5704,2
6712,1
7104,1
6711,1
6713,1
6423,1
7106,1
7105,1
7107,1
6425,1
6422,1
7108,1
3847,4
3849,4
3848,4
5245,36
4534,36
1402,2
844,1
1403,2
1340,3
1404,6
1338,2
843,3
5711,1
5835,1
5836,1
4034,4
4035,4
4037,4
4033,4
4036,4
5013,4
5009,4
5012,4
5011,4
5010,4
4691,4
4693,4
4692,4
4694,4
4684,4
4681,4
4683,4
4685,4
6579,1
6578,1
6580,1
7269,9
7272,9
7270,9
6709,4
6707,4
3767,4
3766,4
4785,4
4056,4
5192,4
4784,4
5189,4
5190,4
4055,4
4057,4
4053,4
4787,4
5191,4
4054,4
4786,4
4788,4
4783,4
6018,1
5457,1
3065,1
2195,1
2194,2
2193,1
7265,9
6451,15
7164,15
6450,4
1657,1
5696,2
705,4
703,1
824,4
704,4
702,4
706,4
825,4
655,2
827,4
828,4
826,4
1580,4
1583,4
330,1
331,2
3309,1
2941,4
2923,1
2940,6
2041,2
2389,1
2924,1
2922,2
2938,2
2925,1
2508,1
2507,2
2506,2
2044,1
2820,1
2653,1
2043,2
2443,1
2441,1
2442,1
2652,2
3310,1
2388,1
1897,6
3331,4
4499,4
4497,4
2434,1
3088,2
3087,1
2585,1
2895,1
2899,2
2898,1
3094,1
2583,4
2896,4
2897,4
2584,4
979,1
772,6
980,1
6256,1
4291,36
3997,4
3995,4
3996,4
3999,4
2203,3
2202,1
2609,3
3550,1
3551,1
5348,2
4298,4
3661,4
3663,4
108,1
4332,4
4331,4
3967,4
4330,4
4579,4
4577,4
4576,4
3970,4
4578,4
5162,4
5242,4
5243,4
5244,4
5241,4
3728,4
3727,4
3730,4
4393,36
6165,1
6164,8
6656,9
6658,1
6655,9
6515,9
6511,9
6513,9
6516,9
6619,9
6618,36
6512,9
6322,1
6324,9
6323,2
6325,1
6340,9
3739,9
5258,36
3737,36
6073,13
6074,13
5512,3
5565,1
2462,1
2858,1
2859,1
2254,1
2714,1
2713,1
2715,1
3457,3
1955,1
2855,1
2246,1
3164,4
2856,1
3166,3
2853,1
1622,2
1621,2
1620,1
1618,2
613,2
96,1
615,2
5710,1
1106,1
117,6
1110,2
1494,2
7278,9
6317,9
7115,4
7112,4
7113,4
7094,2
7095,2
7111,4
7110,9
1329,2
459,2
458,6
456,6
5524,2
5527,1
5586,1
6592,9
6589,9
6590,9
284,2
3195,1
2671,1
1963,1
2670,1
1964,1
1962,1
3216,2
2819,1
2768,1
2687,2
12,3
543,1
5485,2
5483,2
5487,2
5486,2
5484,2
5781,1
5786,2
5783,2
5784,2
5782,2
3339,1
2397,2
3338,2
3340,1
2395,1
3554,2
3555,1
2331,2
2658,1
2657,2
2659,2
2660,3
5598,1
5405,1
5373,2
5371,1
5597,1
3363,1
3362,1
473,2
5,2
9,2
66,2
4,2
1262,1
1264,2
6,2
1263,6
7,2
8,2
6326,15
6328,1
6724,1
6723,1
7311,1
7310,1
7309,1
1561,1
974,1
1373,6
975,1
872,6
230,1
2238,2
2753,1
1911,1
1912,2
1913,1
2983,1
3275,1
2237,1
3603,2
3277,1
2754,2
3604,1
5046,4
5044,4
5048,4
5045,4
5049,4
5047,4
5133,4
5134,4
5129,4
5132,4
5130,4
1296,1
1295,1
1298,1
1299,1
1992,1
1703,6
1829,1
594,4
1443,3
1444,1
5077,4
5078,4
4110,4
4402,4
5123,4
4860,4
4838,4
4635,4
4861,4
4634,4
3749,4
3750,4
3664,4
4839,4
3751,4
6092,1
6093,2
5771,13
3203,6
2445,1
2718,4
765,1
766,14
798,6
800,2
1046,1
564,2
358,1
490,1
359,1
491,1
1045,1
2565,1
5477,13
5478,1
5481,1
5692,2
5555,1
5284,2
5339,1
5679,2
5969,1
1008,1
1317,4
984,4
125,2
986,1
494,1
499,1
498,1
415,1
612,1
1423,2
430,1
413,2
1425,1
429,1
1424,1
611,4
199,1
513,4
516,1
517,4
512,1
515,4
514,4
200,1
49,1
1526,1
1527,6
3337,6
3336,1
3327,1
3328,2
3335,1
3051,1
2601,1
2602,1
2603,1
2234,1
3389,1
3390,2
2464,5
2404,1
1743,1
1746,1
2402,1
2401,1
2403,1
1744,1
1745,1
3173,1
3175,1
3599,1
2031,3
2030,1
6235,2
6237,8
6236,2
6234,2
5658,2
5657,13
5659,4
5787,2
3950,4
3948,4
2521,2
2885,16
1860,14
3375,2
3254,2
2741,1
2740,2
3376,1
3373,2
1812,3
3253,2
1814,2
2523,1
3374,14
1811,2
1813,14
1815,14
1733,1
6287,1
6128,2
6127,2
6129,2
6288,1
5594,1
6130,1
6034,13
6031,13
5945,1
5592,1
5489,2
5491,2
5591,2
5421,1
5490,2
5492,2
6286,1
5493,1
5596,2
5580,4
5584,4
5420,4
5593,2
5582,1
5419,1
5422,1
5581,1
5417,1
6956,1
6232,1
5767,1
5768,1
5853,1
5572,1
5642,1
5574,1
5573,13
5062,4
5067,4
5065,4
5066,4
7165,9
5789,2
3929,4
3928,4
4526,4
4528,4
1147,4
173,2
234,1
174,1
529,2
1148,2
1151,3
1150,2
6170,2
6039,2
6038,13
4322,36
4721,4
3754,4
3755,4
4722,4
4180,36
3753,4
6625,1
6624,9
4264,9
1682,5
1681,1
570,2
394,2
5604,2
4241,4
4245,4
3978,4
4414,4
4756,4
4413,4
3724,4
7243,4
4388,36
4387,36
4386,36
7203,9
7289,9
7290,9
7291,9
6090,1
5697,1
6091,8
6183,13
6184,1
385,2
384,4
681,1
900,4
601,1
680,1
717,1
4536,4
4535,4
952,4
955,1
954,4
953,4
6436,9
7250,9
7143,9
6920,9
6921,9
7145,9
7248,9
718,2
223,6
1503,4
1490,1
1492,1
1491,4
1502,4
1351,4
1350,1
1094,4
1091,4
307,4
305,4
308,4
304,4
388,4
309,4
1093,1
1582,4
690,4
1399,4
691,1
1400,1
689,4
1397,4
688,4
692,2
1418,4
1419,4
1401,1
1089,2
581,1
582,4
71,4
70,4
72,4
3974,36
3945,15
6496,4
6495,4
6494,9
6497,4
7180,4
6856,4
6855,4
2206,1
2205,1
2204,1
1709,1
4101,4
4096,4
4762,36
4099,4
4098,4
4100,4
4097,4
327,6
3675,4
3878,4
3911,4
5188,4
3910,4
5187,4
3879,4
4233,4
4234,4
6240,2
5739,2
6382,2
6353,2
7170,4
6383,2
6468,9
6598,9
5634,2
6841,4
6889,4
6888,2
6370,9
6374,9
6369,9
6372,9
1184,1
443,1
60,1
1035,1
696,1
3877,4
1060,1
1061,2
927,1
725,4
1325,4
1516,2
1326,4
1323,4
686,4
1324,1
685,1
682,1
1328,2
684,2
683,4
4816,4
4102,4
4818,4
4103,4
4820,4
5406,13
5823,1
5822,13
3873,36
3874,36
5100,36
5101,36
4142,4
1878,2
2411,1
1879,1
1877,2
2133,1
6385,1
6386,1
6846,2
7169,4
6351,2
7222,2
6469,2
7223,4
5470,1
1020,3
1021,1
1019,1
1018,4
5263,4
5262,4
5877,1
5656,1
5655,2
6054,2
5878,2
5653,13
6056,1
6057,2
6055,2
3152,1
3153,1
2335,1
4377,4
4375,4
4373,4
4378,4
3859,4
4376,4
3860,4
3858,4
3856,4
4305,4
3857,4
4960,4
353,6
354,2
6194,1
4863,36
4188,36
4187,36
5070,4
5071,4
5072,4
5069,4
7220,9
7219,4
6402,9
7332,36
6401,36
6585,9
6588,4
6375,9
6586,15
6376,9
2501,1
3265,1
3264,1
2054,1
2021,1
2838,1
2053,1
2022,1
2019,1
3493,1
3492,2
2839,1
1332,3
165,1
3784,4
2373,2
2116,1
2093,1
3618,1
6869,9
6867,9
6865,2
3756,4
6179,1
6181,2
6180,1
5708,1
5603,1
5599,1
5602,2
5788,4
6968,2
6635,9
6455,9
7036,4
6967,1
6849,4
7035,2
7063,4
7062,4
6308,4
4287,4
4288,4
2159,1
2608,1
2598,1
3514,1
4901,4
3654,4
5227,4
4877,4
5229,4
3653,4
3652,4
4558,4
4974,4
4976,4
4555,4
4975,4
4557,4
4977,4
4559,4
4560,4
4556,4
4481,4
3696,4
3691,4
3694,4
4951,4
4953,4
4952,4
4950,4
4949,4
3692,4
3695,4
3693,4
4891,4
4427,4
3803,4
3802,4
4327,4
4887,4
4886,4
4678,4
4754,4
4755,4
781,1
782,1
1266,3
4482,4
4487,4
4485,4
4486,4
4484,4
6714,4
6715,1
7002,1
195,4
194,6
145,4
7010,2
6606,2
6448,9
6447,9
6757,9
6759,9
6758,2
7304,2
7306,2
6919,9
6916,2
6917,9
7303,2
7305,2
3100,1
3099,1
3098,4
2428,1
3883,4
3882,4
1518,4
726,2
6409,4
6407,4
6408,2
6595,9
7037,4
6410,9
7006,9
6412,9
3783,4
3781,4
3782,4
4879,4
4880,4
297,1
2219,1
1965,3
2221,1
1968,1
2217,1
1867,4
1864,1
3208,6
2365,1
3209,2
2364,2
2366,2
3206,2
2220,1
3207,1
2218,1
3210,6
2015,2
2561,6
1966,5
2117,4
2558,1
2118,1
2003,2
2017,2
2559,2
2562,1
2001,4
2004,2
2002,1
2016,2
2560,1
1967,2
4453,4
3769,4
3770,4
4090,4
3824,4
3823,4
3826,4
3825,4
5504,2
3513,1
6769,4
6768,9
6415,15
909,1
907,1
908,3
5808,2
6953,2
3639,4
3636,4
3638,4
3637,4
5589,2
5817,1
6861,2
6858,2
6785,36
6582,9
6786,36
6788,2
6857,2
6700,4
6859,36
6702,4
6879,36
6583,2
6937,4
6938,4
6941,4
6538,4
6537,9
7097,4
6535,4
7096,4
6357,36
6361,9
6536,4
6734,36
6735,4
6736,4
6733,4
7324,4
7322,4
7320,4
7321,9
7323,4
5979,2
5983,16
5558,2
5560,1
6729,2
2537,1
2842,6
2534,1
2535,1
2843,1
2845,6
2538,1
2798,1
2874,1
3440,1
3528,2
2425,14
2427,2
2059,1
2058,2
1801,1
1079,2
1129,16
1127,2
1128,2
5890,2
5891,2
5892,2
6231,1
6230,1
1757,2
1758,2
1756,2
2645,2
1759,2
2328,1
5466,1
229,3
228,4
887,2
1587,1
1588,2
1586,2
3741,36
4711,36
3743,4
3740,4
3742,4
4283,4
4284,4
4668,4
6190,2
6188,2
6191,2
420,1
4026,4
4025,4
5102,4
5104,4
4199,4
3165,1
1362,1
5902,2
2123,1
3465,1
3469,6
3473,1
3474,1
2649,1
3745,4
6416,4
6417,4
6400,2
6398,2
6545,2
6489,15
6546,9
6544,2
5291,8
1930,4
1926,4
3361,2
1929,2
1928,2
3356,1
3360,2
3358,2
1927,1
3357,4
3317,1
3318,1
2914,1
2913,4
2915,2
1253,1
122,1
121,1
870,1
840,1
839,1
871,4
1030,4
1029,1
255,1
837,4
253,1
254,1
869,1
2716,1
3609,1
2039,1
2040,1
2432,1
2433,1
2166,2
3365,1
2167,2
2168,1
2164,1
2877,1
1805,1
1804,1
3227,1
3228,1
3220,1
3048,1
3617,1
2329,2
3218,1
3535,1
2348,1
1810,3
1822,1
1820,1
3294,1
2817,3
2769,6
2818,2
2688,4
2304,6
5536,2
5534,2
6113,4
5537,1
5535,1
6111,4
5337,1
5338,2
5335,1
6109,4
5802,2
6110,2
5829,2
6112,8
5336,1
5800,8
5799,1
2361,1
2544,3
2543,1
2363,1
3193,1
3194,1
2362,1
5041,4
5040,4
4235,36
3875,36
4459,4
4461,4
4850,36
4460,4
4458,4
4834,4
4830,4
4832,4
4835,4
4831,4
4833,4
5753,1
5431,1
5433,1
4463,4
3985,9
3986,4
3988,4
3987,4
6098,1
6186,1
5435,13
5436,1
5439,1
5437,1
2157,1
2227,1
2226,2
1834,1
451,1
1652,1
1097,2
808,1
712,1
711,1
710,2
807,2
1654,1
785,6
452,2
713,1
535,2
536,2
131,2
133,4
752,1
755,1
450,6
1210,1
753,1
1099,2
453,1
449,2
630,6
1631,6
1154,1
1152,4
1632,1
1153,4
3056,1
3054,1
2650,1
7124,4
7125,4
6329,4
614,15
93,8
817,1
393,4
392,2
1633,2
3321,1
3322,1
3323,2
1848,1
2823,1
2143,1
2142,1
3577,2
3576,1
3579,3
3578,2
1830,1
542,1
647,3
14,1
2333,2
7275,9
7276,9
6972,9
7012,9
6974,9
6526,4
7178,9
6973,9
7177,2
7179,9
7014,4
1201,1
583,1
1200,1
577,4
342,3
503,1
502,2
294,3
293,2
295,6
292,1
920,4
1486,13
1487,1
1483,5
1185,4
921,4
2125,1
2299,1
2124,1
2298,1
2300,4
2297,4
2678,1
1909,3
1908,1
2679,1
1907,1
373,4
368,4
369,4
370,4
372,1
1442,4
371,4
1441,4
1440,4
1439,4
1717,1
5539,2
5775,1
5777,1
5780,4
5776,1
5779,1
5778,1
6990,9
567,2
467,3
568,1
1685,2
465,4
1683,1
468,2
466,2
571,4
396,4
1304,15
701,1
1686,6
569,6
464,2
1305,1
1278,1
1979,1
2712,2
2617,6
2615,6
2710,1
2709,1
2616,1
2444,1
6272,2
6271,1
6273,2
2291,1
2239,1
2863,1
2240,2
2241,2
2292,1
3004,2
3394,1
3392,2
2770,16
3393,1
3482,1
3471,1
3484,1
3472,1
5020,4
4867,4
5312,2
5313,2
5310,1
5311,2
5315,1
5317,2
5314,2
5319,2
5316,2
5774,1
3898,4
3899,4
3896,4
3897,4
6607,2
1551,1
1549,3
1548,4
1598,1
1552,1
1158,4
1157,4
1039,4
1599,4
135,4
1037,4
1547,4
1550,1
1038,4
991,1
990,4
137,4
138,4
136,1
1132,4
1134,1
988,1
987,4
1507,1
1506,4
1161,1
649,4
1135,3
992,3
653,4
654,4
1596,4
518,1
1320,3
6650,9
5907,1
6000,1
4679,4
3982,4
4926,36
4398,36
5922,1
5921,1
2636,1
2062,1
4653,4
4624,4
4623,4
4112,4
4111,4
4109,4
531,4
47,1
530,1
59,2
30,1
28,3
27,2
3840,4
3843,4
3841,4
4884,4
4885,4
3426,2
3628,1
3425,4
2539,1
3424,1
3629,4
3423,4
3626,1
2828,1
2540,4
3627,6
2829,6
2827,4
6594,1
6904,4
472,4
471,6
61,4
281,1
356,4
380,4
188,1
190,1
279,1
186,6
278,1
5430,1
6350,2
6348,2
290,1
1208,6
545,1
544,1
288,1
1207,2
149,2
150,1
1474,4
846,1
1471,1
1473,2
1472,2
1521,1
1519,2
1522,2
98,6
100,2
934,1
97,6
5410,1
5295,1
5307,2
5303,1
5306,1
5305,1
5814,2
5811,2
5688,1
5812,1
5810,2
6096,2
2191,2
2496,1
2495,2
319,1
1656,4
500,1
320,1
3762,4
4519,4
4618,4
4775,4
4776,4
376,1
805,1
1322,1
1000,1
6770,36
7224,2
7206,36
7225,2
5345,1
6206,1
6207,2
5682,2
5683,1
5973,2
5689,2
5693,13
6143,1
6144,1
6146,1
6145,1
5766,4
5540,1
5541,2
5543,1
5542,1
4420,36
3934,36
3936,36
5826,4
3307,1
3306,1
3305,1
3304,1
3303,1
3308,1
2566,1
2243,1
3296,2
310,6
878,2
1538,4
241,4
1536,4
1537,4
240,2
154,2
1273,2
153,2
1275,2
876,2
242,2
918,1
917,9
1017,1
1016,2
6426,2
6025,2
6028,2
4151,4
4159,4
4156,4
4160,4
4158,4
37,2
3507,2
5827,2
2805,1
3597,1
3080,1
2275,1
2802,3
2276,1
2803,1
2804,1
2612,1
4495,4
4500,4
4498,4
5238,4
5237,4
5239,4
3589,1
3587,1
3515,1
3588,1
2814,1
2815,1
3512,1
3432,1
2597,2
2272,1
2273,2
3433,1
3262,1
2407,2
1916,4
3263,1
1914,1
3066,9
3067,1
2604,1
2498,1
6976,2
6980,4
5869,1
5868,1
5871,1
5651,2
5650,2
1084,2
1413,4
1408,4
1409,4
1410,4
1411,4
2393,3
6292,1
6290,1
6291,1
6289,1
1961,2
5872,1
5870,1
5476,8
5873,8
6017,2
6016,1
4888,4
4911,4
4548,4
4910,4
4547,4
6599,15
6750,9
7294,4
5963,2
5464,8
5966,2
5874,13
6015,2
4324,36
4323,36
5770,2
5773,1
5772,2
5769,2
2567,4
2245,1
1535,6
298,4
299,6
731,1
733,2
300,6
159,2
6341,9
6313,9
6862,4
6312,9
6995,9
3538,6
3537,4
3542,1
3541,1
3539,4
3540,1
5661,1
5552,1
4573,4
4416,4
3239,1
3243,1
3560,1
1713,1
2027,1
1712,16
1714,1
2026,1
1711,1
4622,4
4189,4
4621,36
4619,4
4087,4
4086,4
7286,4
7284,4
5970,13
5678,2
5971,1
5677,2
6037,1
5612,1
6059,1
5611,8
1393,3
1341,4
1431,3
5273,1
6396,4
7196,2
5987,2
5986,13
7167,1
7033,1
6966,1
2147,1
4040,9
4041,4
4396,36
4758,4
4757,4
2635,4
3562,1
2634,9
2633,9
2632,16
3564,2
5109,4
4854,4
5108,4
4853,4
5110,4
4852,4
5107,4
4856,4
5006,4
5008,4
4202,4
5007,4
4201,4
4203,4
5712,1
6202,1
2145,1
1863,1
2187,1
2182,1
2183,2
2185,1
2186,1
3138,4
3140,2
2440,1
2931,16
2934,1
6674,4
2894,1
2892,14
2210,2
2208,2
3592,1
2209,6
7089,9
7090,4
7088,4
2473,1
1959,1
1956,1
1958,1
1957,1
1932,1
2028,1
4108,4
5200,36
5967,1
5968,2
6002,2
6001,2
3748,4
4052,4
4431,4
4051,4
3674,4
4739,4
3673,4
3747,4
3671,4
4433,4
4107,4
4429,4
3979,4
4432,4
4106,4
4738,4
4104,4
4217,4
3672,4
7208,1
6932,9
6936,9
6935,9
6797,9
6801,9
1868,1
3199,1
2135,2
3200,2
2138,1
2579,1
2621,3
1971,1
1972,3
3132,2
2578,1
3133,2
3134,1
3135,1
1769,2
1772,3
1770,2
2618,4
6803,9
7123,9
6804,9
7051,9
6463,4
7121,9
7122,9
6462,9
6465,9
6464,9
6466,9
4168,4
4552,4
4167,4
4554,4
4553,4
4091,4
4092,4
4093,4
1394,4
152,1
1274,1
4073,36
4072,36
2029,1
3006,2
3008,6
3009,6
3007,1
3402,4
3583,1
3391,1
2486,2
2981,1
4613,4
4615,4
2455,1
2458,2
3185,3
3565,1
2860,1
3186,1
2861,1
2457,1
2456,1
854,1
855,1
852,1
851,1
853,1
418,1
419,1
722,1
1642,1
856,1
1643,1
1644,1
1645,1
1646,1
760,1
416,4
1641,1
723,1
417,4
1414,4
1415,1
1416,1
344,1
761,1
343,1
346,1
1417,1
347,1
348,1
6642,9
2637,6
1943,4
1944,1
1946,2
5816,2
5615,2
5815,2
6362,1
6363,1
5117,4
2497,1
2150,4
3110,2
2405,1
3182,1
2646,1
3109,1
2697,6
5195,4
4079,4
4080,4
3981,4
4032,4
4479,4
4480,4
4030,4
4031,4
271,4
1528,1
550,4
1530,4
270,2
956,4
552,16
957,1
551,4
6782,4
7256,9
6380,9
111,2
115,1
113,4
112,4
114,1
116,1
7001,1
7026,1
7025,1
7027,1
1638,1
349,4
350,6
1164,6
351,1
352,6
1162,4
5309,2
6108,1
5282,1
5280,1
5281,1
5939,1
4525,4
4524,4
3401,1
3404,1
6332,9
6331,9
6333,9
6334,9
2146,14
4476,4
4477,4
3915,4
4062,4
3912,4
4063,4
3913,4
2909,1
6390,9
6389,1
6392,9
6798,9
6799,9
6796,9
6934,9
6933,9
6746,9
6748,9
5494,2
5617,1
5618,1
5620,1
215,2
214,1
1689,2
519,1
1688,1
1568,1
867,1
1687,2
1624,1
337,1
339,2
1407,4
338,6
1405,2
1088,2
1087,1
1406,1
5030,4
4985,4
4987,4
4984,4
4988,4
5029,4
4989,4
5050,4
6895,9
6896,9
6893,1
6894,9
6897,9
6991,9
6772,9
6773,9
5385,2
5386,2
5384,2
6048,8
5790,2
5791,2
4616,4
4355,4
4356,4
4354,4
4352,4
4699,36
4353,4
4008,36
4698,36
4007,36
6282,2
6281,1
2700,1
3478,2
2701,6
2129,1
2277,2
2128,1
2643,4
2644,4
2642,4
5207,4
5209,4
5208,4
5206,4
4922,4
4924,4
3822,4
5052,4
3786,4
3785,4
3819,4
3820,4
5053,4
4400,4
4401,4
5054,4
3821,4
3787,4
3410,1
3407,1
1838,5
1839,4
2927,6
3409,1
3411,1
3408,1
2841,1
1840,1
5216,4
5695,2
6208,2
176,6
698,1
1658,1
134,6
177,2
697,6
1223,6
435,1
5286,2
5447,2
5397,1
5448,8
6006,2
5627,1
5270,8
5362,2
5449,2
6134,8
6008,2
5626,2
5269,2
5361,2
5450,2
6135,2
6051,2
6131,1
6049,2
5394,2
6132,2
6133,2
5396,1
6283,2
6284,1
629,1
5548,2
7067,36
6569,2
6567,2
6566,2
6901,36
6902,36
6568,2
6020,2
6021,1
5669,4
5671,2
5667,2
336,2
1302,1
1303,4
1637,1
3217,1
2222,4
3298,1
2223,1
2346,1
2224,1
2995,2
2344,1
2992,14
3244,1
3299,1
2996,1
2994,1
2993,1
3125,1
3123,1
3122,1
3124,1
3517,1
3500,1
2796,1
3415,2
3414,2
6009,2
6010,2
5645,2
5644,2
5376,2
5375,2
5374,2
6011,2
5576,2
5575,1
5752,1
3864,36
5665,2
5660,1
5553,1
5662,1
2056,3
2055,1
4813,4
4809,4
4812,4
4808,4
4810,4
3903,4
3902,4
3901,4
4716,4
5738,1
6777,9
5116,4
5259,4
5113,4
4842,4
5118,4
5114,4
5469,2
5941,1
5910,1
5903,1
5904,13
5988,13
128,1
126,1
1512,4
127,2
1511,2
745,1
5867,2
5866,2
5550,1
3798,4
4731,4
4730,4
3799,4
3800,4
3796,4
3797,4
3795,4
5136,4
5137,4
5141,4
5139,4
3886,4
3888,4
3887,4
5140,4
3884,4
4471,4
5138,4
3885,4
4278,4
4470,4
4282,4
4279,4
4024,4
4281,4
5153,4
5135,36
6275,2
3571,1
3575,1
3573,1
3572,2
3574,1
5004,4
4999,4
4992,4
4991,4
4990,4
3715,4
3714,4
3716,4
5844,2
5845,1
5843,2
5842,1
5423,2
5938,2
1108,6
3400,6
3399,1
2959,1
4594,4
4592,4
4889,4
4593,4
5076,4
5074,4
5075,4
6124,1
6320,36
6802,36
6730,9
6731,4
155,1
156,1
157,1
158,1
7081,4
3324,2
2784,2
2783,1
2781,3
1970,1
1764,3
1763,2
1765,1
1762,4
3447,1
3446,1
5559,14
5563,1
5561,2
5562,13
5331,13
5980,2
5984,2
5332,2
5981,2
5328,2
5327,2
5982,2
5333,2
7232,36
7233,9
7235,9
7226,9
2084,9
3042,2
3043,1
3288,1
1748,1
1727,9
1728,1
1750,1
1747,1
5544,4
5545,2
4362,4
4364,8
4363,5
4360,15
4361,15
4585,4
4581,4
4584,4
4176,4
4175,4
4583,4
4582,4
4177,4
5609,2
5641,2
5639,1
5640,1
2932,1
2933,1
1936,1
7077,36
7076,36
6809,36
6810,36
6813,36
3880,36
4276,36
4274,36
4275,36
1316,6
1482,4
1054,2
80,6
1009,4
81,1
1481,2
771,6
4643,4
4645,4
4641,4
4642,4
4640,4
6570,4
3954,4
3953,4
3952,4
4965,4
4967,4
4665,4
4667,4
7244,9
4238,4
4237,4
4239,4
5181,4
5183,4
4801,4
4798,4
4800,4
1737,1
1708,1
1739,1
1738,1
5792,13
5797,13
5794,13
5796,13
5795,13
643,4
1565,3
645,4
644,4
1566,4
895,4
3842,4
3839,4
5741,1
5740,2
2188,3
2189,1
2190,3
2811,1
2929,2
2930,1
1062,1
1064,1
586,4
589,1
588,1
1063,4
585,1
587,1
1065,4
3768,4
5168,4
4938,4
328,1
2968,3
2978,1
2706,1
950,1
951,1
1195,4
1198,4
1193,4
7194,9
7195,9
7190,4
6971,9
709,2
708,2
1234,2
6347,9
6319,9
7230,9
7217,9
2109,3
3120,2
3059,2
3116,1
1817,2
2108,1
2552,2
2105,1
2192,2
2107,15
3117,5
2106,2
2076,1
2073,1
5393,1
5391,2
5392,2
3058,1
3633,1
3632,6
3631,16
3635,4
263,1
739,4
390,1
740,2
4046,4
4045,4
3851,4
3850,4
4617,15
5409,1
3705,4
3704,4
4712,4
4882,9
4043,36
4883,36
4881,36
3567,2
1789,1
3412,2
1931,1
2911,3
2910,1
1524,1
862,4
863,1
163,1
865,3
2866,1
3448,1
6543,9
6339,9
6961,9
6960,9
6994,9
6487,9
1900,1
1902,1
1899,1
1903,1
1901,1
1998,1
1994,1
1996,1
2682,1
2390,1
2394,1
3178,1
1767,1
3477,1
1934,1
3620,1
5876,8
4021,4
4019,4
4382,4
4383,4
4380,4
4023,4
4022,4
4379,4
4381,4
3976,4
4846,4
3977,4
777,4
1461,1
775,1
1460,8
378,6
5033,4
4858,4
5032,4
4859,4
5031,4
5035,4
4857,4
5036,4
5034,4
1015,2
5577,1
5578,1
5579,13
3172,1
3388,1
3387,1
1674,1
1464,1
1463,4
1466,1
1468,1
1467,1
1380,6
406,1
403,1
1448,1
1449,1
1454,1
1675,4
1465,1
1445,1
1457,1
1446,4
181,1
1673,4
1456,1
1458,1
1459,1
1455,1
795,1
1378,1
179,1
1450,1
426,4
427,1
425,1
4132,4
4131,4
4135,4
4130,4
5144,4
5149,4
5145,4
5147,4
5148,4
5146,4
4655,4
4744,4
5112,4
4169,4
7266,1
7277,1
5220,4
3904,4
3908,4
3906,4
3907,4
3905,4
5927,2
5928,1
5925,1
5926,1
5930,2
6003,2
6593,9
6716,9
6717,2
6062,2
363,2
365,4
366,1
364,1
367,1
161,1
864,1
2339,4
2340,4
2341,1
3702,4
3703,4
5951,2
5955,13
5518,2
6065,2
6066,1
1663,1
1661,1
1662,1
6456,9
6330,2
6394,9
6393,4
6395,9
6575,9
6576,4
7093,1
6480,1
7150,1
7151,3
6481,1
7153,1
386,1
120,4
6969,9
6354,4
6355,9
4029,4
4028,4
4027,4
877,4
237,2
2702,1
3481,1
3479,1
4129,4
6243,2
6242,2
913,6
667,3
664,6
595,6
598,6
600,1
596,6
38,2
668,6
41,1
42,6
40,2
43,1
666,3
316,15
665,3
312,6
315,2
313,2
314,1
1569,2
579,2
5841,1
5806,1
6727,1
6725,1
6726,1
6728,1
6909,1
6906,1
6907,1
6908,1
6572,1
6571,1
6839,1
6840,1
6838,1
3522,2
1898,1
1841,4
3523,4
1793,1
1795,1
1754,1
1794,16
1791,2
3670,4
3669,4
4047,4
4048,4
4050,4
633,4
86,2
632,1
6795,9
4423,4
4424,4
4425,4
4994,4
4996,4
4993,4
4995,4
4421,4
4713,36
7282,4
6677,4
7281,4
7280,4
6676,4
7283,4
4464,4
4467,4
4469,4
4466,4
4465,4
4468,4
4065,4
4066,4
4067,4
4064,4
2303,1
2046,1
2180,2
2302,6
2010,1
2672,1
2423,1
2890,2
2144,1
2011,1
2891,1
2421,1
1706,1
2889,1
2012,1
2422,1
2888,1
1705,4
6541,4
5837,2
5838,2
5839,1
6368,9
6367,9
2593,2
2594,1
6492,9
6493,1
7236,9
7028,2
7030,1
7029,1
7031,4
7268,1
317,1
318,3
20,4
22,1
18,1
2112,1
2628,1
2575,1
2113,1
2627,1
2114,1
2111,1
2283,1
2692,1
2694,2
2920,1
2286,1
3488,1
3026,1
3463,1
1876,1
1875,1
3464,1
3027,1
2288,4
2610,1
2091,1
4767,4
4763,4
4766,4
4710,4
4764,4
4765,4
4709,4
4654,4
5179,4
4625,4
3930,4
3721,4
3722,4
5180,4
3808,4
4527,4
4561,4
4562,4
4563,4
4204,4
4207,4
4208,4
4206,4
3761,4
4205,4
6942,4
6940,4
6698,4
6877,4
4571,4
4570,4
4657,4
6610,36
6910,9
6984,9
6982,9
6913,9
6911,9
6524,9
6519,9
2475,1
2734,2
2735,1
2736,1
2474,6
2733,1
2732,2
185,2
489,4
563,2
493,2
362,4
361,2
565,4
1286,2
3960,4
3765,4
4933,4
4929,4
3959,4
4930,4
3958,4
3957,4
3955,4
3956,4
4934,4
4932,4
4687,4
4690,4
1731,1
2665,1
1729,2
2666,2
2669,1
3215,1
2070,1
2265,6
2261,6
2071,6
2069,4
2263,15
2264,1
2068,1
2375,1
2374,2
3613,2
3611,1
3612,1
1379,6
1281,1
1279,6
797,2
796,2
1692,6
1857,6
3397,1
3396,1
7318,9
383,1
4244,4
4243,4
4242,4
3723,4
3725,4
1851,1
3320,1
3319,2
3062,2
3196,1
3063,1
1462,4
4407,4
4405,4
4409,4
5885,2
5884,1
6678,9
6681,9
6679,9
7071,9
7073,4
2943,2
2945,2
3151,1
2947,1
2946,1
2509,2
3197,2
5857,2
5855,2
5856,2
6119,2
6118,2
815,4
6063,1
4209,4
4211,4
981,1
1006,2
1005,1
982,1
1085,1
1559,2
1560,1
1086,1
4000,4
4005,4
4004,4
4001,4
5055,4
3891,4
3892,4
3895,4
5060,4
3894,4
3890,4
5058,4
5056,4
5059,4
5057,4
5215,4
5211,4
5212,4
5210,4
5213,4
5398,1
5399,1
5298,2
5913,2
6301,1
5914,1
6299,14
6083,2
6082,2
6302,1
6300,8
6081,4
6304,1
6084,2
5848,2
6086,13
211,2
801,4
1844,1
1842,9
1843,9
3289,1
2412,1
2347,1
2606,1
2605,1
2607,1
2197,1
3167,1
762,2
764,1
5744,2
5747,1
5959,2
5746,1
5960,13
5957,1
5956,1
5172,4
5169,4
3921,4
5171,4
5174,4
3917,4
5468,1
3659,9
2681,1
2680,1
2392,1
802,1
1120,1
803,1
4445,36
4537,36
4446,36
4228,36
6988,9
7216,9
124,4
123,4
496,4
497,1
2582,1
3191,2
3189,4
3190,4
2293,2
2294,4
2336,4
2295,4
2337,4
2383,1
2705,1
2325,1
2326,2
2703,2
2327,1
2758,2
2759,2
2756,1
2760,2
2755,2
2281,6
2280,1
3350,1
3351,1
2078,1
1690,1
3010,1
2731,1
2568,1
3011,4
2465,1
2466,3
2882,2
2881,1
3169,3
3257,1
3053,1
3055,1
1941,1
4752,4
3780,4
4751,4
5680,2
6602,9
7184,15
7186,15
6600,9
6617,4
6613,4
329,1
261,1
1541,2
258,1
1119,1
1540,1
7032,4
2481,1
2482,1
1853,2
1852,1
1854,1
4250,4
4252,4
4253,4
4311,4
4308,4
4310,4
4309,4
2316,4
2313,4
2314,2
2315,2
2311,2
1991,1
1883,1
6099,1
6101,2
5668,1
5670,2
3231,2
3232,1
3234,5
2801,3
3236,5
6900,2
3710,4
3708,4
4664,4
3709,4
6560,1
6562,2
6561,9
6559,2
6517,9
6822,2
3789,4
5119,4
5120,4
5121,4
3791,4
4358,4
3790,4
4357,4
1183,6
2900,2
2901,2
2418,5
2419,2
2415,1
2417,4
1760,1
2765,1
2766,1
2767,5
5428,2
5359,2
5358,8
6176,2
2174,1
1799,2
1800,2
3501,1
3502,1
5849,2
5850,2
5852,2
5851,2
87,1
3041,1
5875,2
858,2
455,1
4081,4
5157,4
3332,6
3333,2
2451,1
2449,2
2452,1
2453,1
2454,1
2450,1
3222,1
91,2
2,1
3,1
6667,4
6964,9
6965,9
6670,9
6668,2
5906,13
5961,4
5962,1
5765,1
5442,2
5946,8
5947,1
5308,8
4533,4
4333,4
5232,4
4532,4
6151,1
6155,2
5451,2
5749,2
5748,2
3869,4
3865,4
3870,4
3868,4
3866,4
143,1
1546,1
139,4
1545,1
905,1
140,2
141,1
1544,4
901,1
3593,2
2893,2
1881,1
1384,2
3280,1
3282,1
5803,4
5804,4
5675,1
2764,1
2763,2
3534,3
3533,1
4271,4
4723,4
3651,4
4270,2
4794,4
3650,4
4190,4
3649,4
5124,4
4797,2
4193,4
5126,4
4292,4
4293,4
4796,5
5125,4
3648,4
5646,2
820,2
821,1
3386,1
3385,1
3384,1
2965,2
2788,1
2790,1
2787,6
2966,6
2786,2
2967,1
2789,1
6253,2
6087,1
6293,1
5267,13
5936,1
5268,2
6294,2
5937,2
6094,2
1600,2
1204,1
205,1
623,1
1601,4
1602,1
621,1
1501,1
2997,1
3452,16
6774,9
6775,4
7023,9
7022,9
6623,36
1121,4
3992,4
4805,4
3991,4
4806,4
4807,4
3993,4
2546,1
1983,1
1982,1
1981,6
3662,4
4919,4
1575,1
3406,3
3585,2
3582,4
2049,1
6510,4
6886,15
6482,4
7273,4
6821,9
4774,4
4737,4
4273,4
4636,4
3241,1
3240,1
3242,1
5965,1
5365,2
5462,8
5369,2
5367,1
5272,1
5271,8
5366,2
5964,2
1007,1
6653,1
6827,36
6506,1
6505,9
5526,1
5525,2
914,6
243,6
602,1
604,1
1664,5
912,4
663,6
1571,3
641,3
893,4
1563,3
894,4
642,4
580,6
1567,2
890,2
640,2
1572,6
1489,2
1137,1
1138,2
1136,1
1232,1
1230,2
637,1
638,2
943,2
634,6
5554,1
2323,2
2216,2
2269,1
2214,1
2271,4
2270,1
3601,1
3558,1
3559,2
3556,1
3557,1
2358,6
2359,1
1220,4
1222,6
1331,2
6420,4
6418,4
6419,4
3699,4
3698,4
6692,2
6529,4
1993,15
1997,3
4286,4
5043,4
5042,4
2782,1
2785,1
3325,1
3326,1
6486,9
1672,4
1049,4
4607,36
3676,36
3643,36
3644,36
4174,36
5083,36
5082,36
5080,36
5079,36
3713,36
4265,36
4269,36
3943,4
3942,4
3939,4
3867,4
6377,9
6387,9
6689,9
5511,13
5507,1
5506,1
5510,1
302,1
301,2
303,5
5460,2
5458,2
6218,2
5279,8
1835,1
3355,1
3354,1
3352,2
3353,2
1833,1
4825,36
55,4
54,4
1291,1
1290,1
1292,1
562,1
559,4
561,1
1498,4
560,4
51,4
558,1
1496,4
1497,4
50,4
53,1
1500,4
2285,1
3489,1
2259,1
2921,1
3028,1
1873,1
6823,2
6824,2
6946,9
6944,9
6945,15
4503,4
4504,4
4501,4
4247,4
4502,4
4249,4
4493,4
4494,4
4246,4
4248,4
5161,4
2964,4
3184,4
2072,1
2963,1
1781,2
3416,6
1782,6
1780,6
2260,6
1783,6
6142,1
6139,2
6138,1
6012,8
6013,1
5285,1
5283,2
3972,15
3794,4
3793,4
5364,13
6178,2
6193,1
3436,2
1182,4
1069,1
1067,1
1112,1
1111,1
2467,1
2536,6
2847,1
6753,9
7260,9
7258,9
3837,4
4088,4
6614,1
6615,1
6616,1
232,1
231,1
528,3
527,1
6244,2
3947,4
3951,4
3586,1
3403,1
3064,1
2047,2
2048,1
1533,1
193,4
147,4
197,4
198,1
5895,2
5896,1
5894,1
3746,4
3314,2
3312,2
3313,1
3287,1
5631,2
5672,2
1355,4
1353,4
23,4
24,4
5234,4
5235,4
4892,4
4127,4
4893,4
4530,36
5152,4
4218,4
4219,4
4220,4
4982,4
4978,4
4979,4
4983,4
4981,4
4306,4
266,2
265,1
610,1
609,1
608,6
605,2
6211,1
6212,1
5798,1
5569,1
5571,1
5568,1
5530,2
6627,9
7024,9
6671,9
5158,4
4083,36
4084,36
4085,36
4082,36
4916,36
4164,4
4163,4
4914,36
4546,4
4166,4
4162,4
4545,4
4543,4
5614,13
5501,2
5502,2
6255,1
6254,1
1984,1
3347,1
3346,1
3345,2
2952,6
5091,4
5093,4
5090,4
4567,4
5094,4
4565,4
5095,4
4568,4
4564,4
4251,4
5513,2
707,4
4299,4
4942,4
4941,4
4368,36
4301,4
4608,4
5151,4
4658,4
5038,4
4661,4
4663,4
4659,4
4660,4
5039,4
5037,4
4307,4
4198,4
4196,4
4195,4
4650,4
3971,4
4652,4
4864,4
4865,4
4170,4
3845,36
5344,1
6205,2
5975,2
5978,2
5974,1
5977,2
5346,2
6338,4
6337,2
6336,9
5163,36
5164,4
1585,1
966,1
1451,1
2253,1
2296,1
2248,1
2252,2
2251,1
2493,1
1869,1
3495,1
259,15
1209,2
1376,1
1375,1
6437,1
6095,2
6060,8
6532,9
6641,9
6640,9
2487,4
2490,1
2489,1
2491,1
3269,2
2357,2
2554,1
3268,1
3266,1
2553,1
2970,1
2989,1
2990,2
2875,2
3545,3
3546,1
3547,4
3548,1
3544,1
3549,1
1823,1
2677,1
3536,2
1809,3
2350,16
1824,1
1321,3
1319,1
5318,8
5886,2
5889,2
5888,2
2738,1
2196,1
2492,2
2282,6
3516,2
2686,1
2685,1
192,1
1071,4
1070,1
1175,1
57,1
1034,2
1033,4
1176,2
1432,1
983,1
1433,2
5931,2
2797,2
2200,1
2471,1
3596,1
2472,1
2470,1
2201,1
2199,1
1736,1
3494,1
1083,16
1081,2
1080,1
1082,1
3719,36
3718,9
5089,4
5088,4
5087,4
5085,4
5084,4
2267,2
2836,1
3491,1
2837,1
3024,6
3025,2
2268,1
3023,1
3261,3
3259,1
3258,16
3021,2
3022,1
3525,1
3524,1
3526,3
6948,9
6446,4
6443,9
6445,9
6444,4
5567,1
5566,1
6609,9
6441,2
6661,4
6440,2
5019,4
5023,4
5022,4
5021,4
5717,2
6276,2
5721,1
5723,8
5722,2
5719,2
1608,2
1607,1
1190,2
1024,2
1191,1
74,4
76,4
75,4
73,4
78,4
77,4
1390,3
1388,1
1392,1
3316,2
2591,2
2590,1
2592,1
3830,4
3831,4
3833,4
3834,4
4015,4
4017,4
3777,4
4016,4
4511,4
4510,4
4513,4
3776,4
3775,4
1880,1
2917,1
3075,1
2431,1
3072,3
3073,1
2429,9
3438,1
3437,1
3439,1
6070,1
6071,1
6117,2
5905,1
7187,9
7188,9
6174,2
6175,2
5520,2
5523,1
5522,13
6044,1
6041,1
5521,1
6043,1
6040,1
6042,1
6045,13
6475,15
6472,1
5730,2
5731,2
5732,2
5716,8
5729,1
6125,1
6177,1
5629,1
5630,8
5709,1
6166,1
5715,1
5628,2
6167,1
6204,1
6203,4
5277,1
5276,4
7242,9
6564,9
6565,2
522,1
524,6
523,2
423,2
2548,1
3060,1
2075,1
2550,1
1819,2
1818,2
2876,2
2384,3
1287,1
5992,4
5989,1
5990,1
5991,1
1249,1
1722,1
1721,1
1723,1
1720,1
3237,1
3238,1
1719,1
4748,4
4902,4
4703,4
4128,4
5228,4
4702,4
4876,4
4875,4
4968,4
4970,4
4646,4
4647,4
4969,4
3980,4
4215,4
4213,4
4216,4
4214,4
4740,4
3646,4
4727,4
4296,4
4728,4
4191,4
4726,4
4294,4
4295,4
4725,4
4793,4
4194,4
4297,4
3647,4
4192,2
6089,1
5349,4
5350,1
5725,1
5728,1
5351,1
5726,1
5727,1
5606,1
3763,4
4113,4
4114,4
3764,4
4515,4
4742,4
7331,9
7328,9
7298,9
1975,1
1973,8
1978,1
1977,1
1974,2
3168,1
3854,4
3853,4
3852,4
3655,4
4753,4
6518,1
6629,4
6628,4
6632,2
6631,4
6633,4
3568,1
7308,2
903,1
906,1
902,1
1386,1
1387,1
1452,1
2447,4
3202,4
6794,15
5388,1
5387,1
932,6
933,2
929,4
931,1
5736,2
5735,2
3434,1
3435,4
6502,1
6504,1
5142,4
5256,4
5251,4
5252,4
5255,4
6061,1
4449,15
997,4
998,4
996,4
999,1
994,4
995,4
203,1
204,4
202,4
201,4
2748,1
3623,1
2408,1
3625,16
2749,1
2279,1
3181,4
2409,1
4819,4
6808,1
2236,1
3050,1
2600,1
3057,3
2170,4
2864,1
2171,1
3490,1
5942,2
526,4
525,4
1611,4
735,1
103,1
1613,4
1361,4
1614,4
102,4
1360,4
1256,4
1610,4
1260,1
1259,4
736,1
1311,4
1261,4
1639,4
1358,4
1359,4
101,4
106,4
1357,4
1257,4
1313,4
1308,4
1677,4
1679,4
1258,4
1680,4
810,1
809,1
5471,1
4597,4
4600,4
4595,4
4596,4
4598,4
2153,1
2156,1
3418,1
2230,1
3090,1
3092,1
1589,2
780,2
1102,1
1100,2
779,2
3106,1
3107,1
1905,4
2950,1
3038,2
3037,2
3105,1
3039,6
1906,1
5028,4
5203,4
4074,4
5204,4
4076,4
5205,4
4075,4
4320,4
4319,4
4318,4
1068,1
1066,2
768,1
3102,15
3104,1
3012,1
1734,1
3013,1
3096,1
2517,1
3176,1
2516,1
3097,2
1753,1
1694,9
1924,2
3429,1
1922,1
3427,1
3431,1
1923,2
1827,1
3430,2
3428,2
3142,1
3145,2
3141,1
3143,1
3144,1
2060,1
3380,1
3381,2
4221,4
4223,4
4224,4
4222,4
4677,4
3828,4
3827,4
3829,4
2446,4
792,2
1382,6
1057,1
790,5
926,1
793,2
1058,1
1383,2
1385,2
789,2
923,5
924,1
791,1
