field_id,tile_id
757,28852
756,28852
1372,28852
1374,28852
1986,d987c
1988,d987c
3293,ca1d4
2878,ca1d4
2691,ca1d4
2689,ca1d4
2690,ca1d4
2880,ca1d4
7238,2ec18
7240,2ec18
7239,2ec18
7241,2ec18
5014,7575d
5016,7575d
5017,7575d
5015,7575d
4256,7575d
4257,7575d
4258,7575d
4255,7575d
4185,7575d
4186,7575d
4181,7575d
3281,b0723
2563,87d6d
1950,87d6d
1919,87d6d
3086,87d6d
1920,87d6d
3085,87d6d
1921,87d6d
2324,87d6d
2318,87d6d
3367,87d6d
3369,87d6d
3370,87d6d
3371,87d6d
3372,87d6d
2317,87d6d
2319,87d6d
4411,372f8
4412,372f8
5026,372f8
4517,372f8
4676,372f8
4518,372f8
4675,372f8
442,9968d
7161,44c21
7162,44c21
7249,44c21
730,bb902
728,bb902
727,bb902
539,bb902
1181,bb902
1300,bb902
1301,bb902
440,bb902
879,bb902
441,bb902
880,bb902
1178,bb902
1179,bb902
1180,bb902
1942,5a45a
1940,5a45a
6185,215e8
6245,215e8
6248,215e8
6249,215e8
6246,215e8
5531,215e8
5533,215e8
1892,8de4d
3778,83e51
3779,83e51
4631,09768
4630,09768
4632,09768
6216,591da
6215,591da
6214,591da
6213,591da
7209,a4023
3607,d4a9c
3278,d4a9c
1107,865ac
118,865ac
1615,865ac
1616,865ac
1493,865ac
6835,e6bb3
6834,e6bb3
1730,a37ab
3213,a37ab
2664,a37ab
1732,a37ab
3212,a37ab
2667,a37ab
3211,a37ab
2668,a37ab
3214,a37ab
3002,29109
2212,29109
2211,29109
422,63cad
322,63cad
964,63cad
963,63cad
206,63cad
207,63cad
962,63cad
960,63cad
961,63cad
965,63cad
1655,535b8
788,535b8
538,535b8
132,535b8
1653,535b8
56,535b8
32,535b8
1343,535b8
6473,af25b
6474,af25b
1117,9ce1a
1118,9ce1a
1539,9ce1a
1513,9ce1a
1047,9ce1a
245,9ce1a
246,9ce1a
248,9ce1a
1048,9ce1a
1255,9ce1a
247,9ce1a
4962,3f8a4
4262,3f8a4
4263,3f8a4
4012,d754d
4009,d754d
4010,d754d
4013,d754d
4014,d754d
2160,5c339
2080,5c339
2161,5c339
2083,5c339
2162,5c339
2082,5c339
3154,5c339
3157,5c339
3156,5c339
3155,5c339
3229,0d6fc
1872,54eab
1870,54eab
1871,54eab
3341,54eab
3343,54eab
3342,54eab
3344,54eab
5467,c8c24
432,c9a6e
216,c9a6e
1508,c9a6e
178,c9a6e
861,c9a6e
324,c9a6e
325,c9a6e
859,c9a6e
860,c9a6e
6832,41401
6831,41401
6830,41401
6833,41401
6829,41401
6828,41401
6630,d3970
2131,29881
2130,29881
2228,29881
2229,29881
4588,a8770
4591,a8770
4587,a8770
4586,a8770
5003,abe87
5002,abe87
5000,abe87
1595,d6b27
1241,d6b27
1592,d6b27
1594,d6b27
1243,d6b27
576,d6b27
1246,d6b27
1244,d6b27
573,d6b27
574,d6b27
438,d6b27
439,d6b27
437,d6b27
1590,d6b27
1593,d6b27
5413,36e33
5414,36e33
5415,36e33
5024,c176b
5025,c176b
4399,c176b
7214,73908
7212,73908
6429,73908
6428,73908
227,90551
225,90551
224,90551
720,90551
719,90551
5287,1864e
6149,1864e
6150,1864e
6335,a0bfa
7227,a0bfa
7228,a0bfa
7198,a0bfa
7200,a0bfa
7199,a0bfa
6342,a0bfa
6345,a0bfa
6344,a0bfa
7042,2317b
6763,2317b
7044,2317b
6762,2317b
4823,38b06
6199,3f04f
6201,3f04f
6196,3f04f
6197,3f04f
6198,3f04f
5453,08448
6152,08448
6153,08448
6156,08448
5751,08448
5456,08448
5455,08448
5454,08448
578,7a5bc
1369,7a5bc
2352,3406c
2354,3406c
2624,3406c
2625,3406c
1953,3406c
2351,3406c
2356,3406c
2355,3406c
1952,3406c
1951,3406c
1238,797fa
1239,797fa
1104,797fa
948,797fa
1236,797fa
1240,797fa
507,797fa
509,797fa
510,797fa
1103,797fa
508,797fa
167,a1ab4
164,a1ab4
3444,ebaf5
3205,ebaf5
3445,ebaf5
3442,ebaf5
1990,312bb
2630,312bb
2629,312bb
1514,04e04
1515,04e04
3744,ca8f9
5177,ca8f9
5178,ca8f9
4700,ca8f9
5260,ca8f9
4146,ca8f9
5674,0677a
5673,0677a
5880,0677a
5882,0677a
6637,df50a
6638,df50a
6636,df50a
6959,df50a
6852,df50a
2693,67192
3487,67192
2976,1afc9
2977,1afc9
2707,1afc9
2975,1afc9
818,f040d
591,f040d
592,f040d
693,f040d
4312,eaec7
4316,eaec7
4804,eaec7
4317,eaec7
4314,eaec7
4315,eaec7
3818,eaec7
3814,eaec7
3815,eaec7
3813,eaec7
3816,eaec7
4455,eaec7
4456,eaec7
6097,c3b8a
2772,0c47a
2555,86e2f
2557,86e2f
3606,86e2f
2807,86e2f
4138,99fcf
5199,99fcf
5202,99fcf
4140,99fcf
4347,99fcf
4348,99fcf
4345,99fcf
7300,545fb
7302,545fb
6784,545fb
5755,e504f
5499,e504f
5754,e504f
5498,e504f
1436,e38e6
1437,e38e6
1435,e38e6
511,e38e6
10,e38e6
3553,d370e
3460,d370e
3461,d370e
1850,d370e
3566,d370e
2771,d370e
1849,d370e
2778,d370e
2779,d370e
2822,d370e
3530,d370e
2141,d370e
2149,d370e
1718,d370e
3529,d370e
1716,d370e
1715,d370e
899,e5505
45,72251
107,72251
110,72251
46,72251
6978,7bd71
6977,7bd71
6476,7bd71
6741,7bd71
6743,7bd71
6604,7bd71
6931,7bd71
4225,75777
4227,75777
4149,75777
4226,75777
4147,75777
6103,e8217
6104,e8217
1578,53e0d
656,53e0d
661,53e0d
1125,53e0d
1579,53e0d
1577,53e0d
1576,53e0d
657,53e0d
1124,53e0d
2367,74f36
2793,74f36
5713,f6be0
1479,48220
1480,48220
1477,48220
1478,48220
896,48220
898,48220
1248,48220
1247,48220
3619,260fb
7136,128f8
6771,128f8
7137,128f8
6781,128f8
7139,128f8
6847,128f8
6779,128f8
6815,128f8
6780,128f8
6814,128f8
6461,853de
6460,853de
6663,853de
6459,853de
6458,853de
7047,853de
6666,853de
7045,853de
2338,ac94e
1859,f28f8
1862,f28f8
1861,f28f8
3255,f28f8
2717,f28f8
2854,b9e60
673,734b9
670,734b9
672,734b9
669,734b9
671,734b9
941,734b9
940,734b9
3965,ad7da
3966,ad7da
3964,ad7da
3962,ad7da
3963,ad7da
88,0e8f8
89,0e8f8
1346,0e8f8
1349,0e8f8
1250,0e8f8
1348,0e8f8
694,0e8f8
6864,c1a00
5231,61e73
6233,6345c
5861,6345c
5859,6345c
5862,6345c
5858,6345c
5953,6345c
5954,6345c
5950,6345c
5997,eac11
5266,eac11
5998,eac11
5994,eac11
5993,eac11
5996,eac11
6263,eac11
5265,eac11
6080,eac11
5698,eac11
6075,eac11
6079,eac11
6257,eac11
6258,eac11
2870,61ad4
2869,61ad4
1123,85502
695,85502
540,85502
646,85502
6088,9e3db
6019,4814b
5720,4814b
2519,a8b5f
2430,a8b5f
5547,7646f
6122,2095e
6121,2095e
6952,1a793
6951,1a793
6530,1a793
7130,1a793
6528,1a793
6531,1a793
3159,88bda
3162,88bda
3163,88bda
3158,88bda
2984,88bda
2988,88bda
2985,88bda
3000,88bda
3128,88bda
3127,88bda
3126,88bda
3129,88bda
3033,88bda
3036,88bda
3031,88bda
3034,88bda
3032,88bda
3035,88bda
3581,cb899
1726,cb899
1725,cb899
2750,cb899
2751,cb899
1807,cb899
1806,cb899
2309,cb899
2824,cb899
2310,cb899
6959,f0696
6957,f0696
6818,f0696
6819,f0696
7157,f0696
1554,66c64
1555,66c64
1558,66c64
1282,66c64
1556,66c64
1283,66c64
1284,66c64
1285,66c64
4771,f172f
4773,f172f
3733,78d12
3994,78d12
3734,78d12
3732,78d12
4844,78d12
4843,78d12
3731,78d12
3736,78d12
3735,78d12
7140,47d2c
7141,47d2c
6764,7a40b
5475,c7c62
5734,c7c62
5733,c7c62
5474,13a30
6147,13a30
5465,13a30
5446,13a30
3188,55e74
6405,38b29
6406,38b29
6364,38b29
6365,38b29
6868,38b29
6413,38b29
6870,38b29
411,39a62
410,39a62
6950,84579
6890,4f6eb
5633,cf26e
2919,8134b
2918,8134b
2916,8134b
2662,8134b
2663,8134b
2903,bf41f
3052,bf41f
3681,6bbab
4516,6bbab
4514,6bbab
3680,6bbab
3685,6bbab
3683,6bbab
3682,6bbab
5167,6bbab
5166,6bbab
484,2e97b
481,2e97b
485,2e97b
486,2e97b
1626,2e97b
1428,2e97b
1426,2e97b
1429,2e97b
1628,2e97b
1427,2e97b
1430,2e97b
1627,2e97b
6172,238e8
6173,238e8
5912,238e8
5915,238e8
6171,238e8
5917,238e8
5916,238e8
3606,2d221
2806,2d221
2808,2d221
2640,2d221
2948,2d221
1787,2d221
1788,2d221
1790,2d221
1785,2d221
2813,2d221
3569,2d221
3114,2d221
1650,3ce6b
1573,3ce6b
4120,3e35b
4119,3e35b
4945,3e35b
4946,3e35b
4944,3e35b
4948,3e35b
2033,c23d9
1947,c23d9
5425,35f50
5426,35f50
5424,35f50
5427,35f50
2438,a2faf
2435,a2faf
2436,a2faf
2437,a2faf
3395,7707a
5624,87857
5621,87857
6102,87857
3419,005fe
2155,005fe
2077,005fe
2154,005fe
2849,005fe
2848,005fe
2599,005fe
1893,9d421
2023,9d421
2024,9d421
1894,9d421
2641,9d421
3301,9c09a
3302,9c09a
3300,9c09a
3476,9c09a
2099,9c09a
2342,9c09a
2343,9c09a
1933,9c09a
3504,9c09a
3503,9c09a
5635,8cd0a
5637,8cd0a
5918,8cd0a
5920,8cd0a
5919,8cd0a
2095,7e527
1980,7e527
3532,7e527
3531,7e527
3204,7e527
2096,7e527
2098,7e527
2761,7e527
3441,7e527
6036,d3c5a
5377,d3c5a
5378,d3c5a
5379,d3c5a
5381,d3c5a
5380,d3c5a
5382,d3c5a
5911,d3c5a
3131,69a3d
3130,69a3d
6123,3d4d0
2103,ff131
2102,ff131
2505,ff131
2502,ff131
2101,ff131
2104,ff131
2503,ff131
4894,eeaa2
4896,eeaa2
2094,324e6
2095,324e6
2400,324e6
2398,324e6
2904,324e6
2907,324e6
2908,324e6
2906,324e6
2134,eb7bf
2587,eb7bf
3621,eb7bf
2586,eb7bf
2524,7649f
2527,7649f
2528,7649f
2526,7649f
2525,7649f
2529,7649f
1660,2c844
5383,618f9
6555,89ffb
6553,89ffb
6558,89ffb
6556,89ffb
6554,89ffb
3089,fb1d1
2173,fb1d1
2500,fb1d1
2499,fb1d1
1832,fb1d1
1831,fb1d1
4782,1ab68
4777,1ab68
3920,1ab68
3916,1ab68
3918,1ab68
3919,1ab68
1635,398fa
275,398fa
276,398fa
1634,398fa
7004,e3a82
6547,e3a82
6523,e3a82
6521,e3a82
6549,e3a82
2699,899cf
3108,899cf
3112,899cf
3111,899cf
3019,899cf
3150,899cf
3149,899cf
3016,899cf
3017,899cf
3020,899cf
2695,899cf
2840,899cf
2477,899cf
2480,899cf
2572,899cf
2479,899cf
2478,899cf
3146,899cf
3148,899cf
2957,899cf
2955,899cf
2574,899cf
2573,899cf
2569,899cf
2570,899cf
2571,899cf
7116,d2a07
5320,4f036
5322,4f036
4906,e91d6
4904,e91d6
4903,e91d6
5247,e91d6
4509,e91d6
4506,e91d6
4508,e91d6
4522,e91d6
4520,e91d6
4523,e91d6
4410,4ab59
4656,4ab59
2247,af396
2795,2d48c
2794,2d48c
5932,3ecbc
5934,3ecbc
5807,6ec40
5809,6ec40
4789,7266a
4791,7266a
4790,7266a
3642,7266a
3641,7266a
3640,7266a
773,4751e
17,4751e
16,4751e
778,4751e
774,4751e
15,4751e
3805,8f572
3807,8f572
3806,8f572
4729,8f572
5503,b3244
2871,5bca8
2872,5bca8
5879,946e2
5347,946e2
1778,35cb6
3273,35cb6
3270,35cb6
2086,35cb6
3014,35cb6
3015,35cb6
3274,35cb6
2088,35cb6
3271,35cb6
5480,1b402
1130,47cf9
1131,47cf9
750,47cf9
1365,47cf9
1363,47cf9
1605,47cf9
1366,47cf9
751,47cf9
249,47cf9
1603,47cf9
746,47cf9
1606,47cf9
1364,47cf9
1367,47cf9
749,47cf9
747,47cf9
1948,87e4c
5528,71505
6168,71505
6004,f4d4e
6005,f4d4e
5334,f4d4e
2066,0e118
2530,0e118
2532,0e118
2065,0e118
2064,0e118
2531,0e118
2386,0e118
2385,0e118
6488,888cd
5588,aff7a
83,03875
85,03875
631,03875
84,03875
2956,30f20
2958,30f20
3285,30f20
3283,30f20
3284,30f20
1937,30f20
1938,30f20
1939,30f20
3594,30f20
2172,30f20
2773,30f20
2772,30f20
2051,0992e
2050,0992e
2052,0992e
5324,4729c
5323,4729c
5326,4729c
5325,4729c
5608,4729c
5607,4729c
4869,a7731
4747,a7731
4873,a7731
4745,a7731
1166,0644d
3552,9300d
2000,9300d
3553,9300d
33,d1f31
35,d1f31
34,d1f31
6981,7a7e9
3505,142c9
2137,92571
3519,92571
3520,92571
2139,92571
2136,92571
2595,0a1d5
1954,f8a22
3458,f8a22
6881,0b41f
6883,0b41f
6885,0b41f
6882,0b41f
1218,4fda6
1116,4fda6
474,4fda6
1053,4fda6
1052,4fda6
1215,4fda6
1217,4fda6
1669,4fda6
446,4fda6
445,4fda6
1670,4fda6
833,4fda6
447,4fda6
1668,4fda6
1114,4fda6
831,4fda6
1671,4fda6
1216,4fda6
1050,4fda6
476,4fda6
1219,4fda6
444,4fda6
830,4fda6
1115,4fda6
834,4fda6
5556,1250d
5818,1250d
3069,e2244
2005,e2244
3068,e2244
2009,e2244
2008,e2244
2006,e2244
2007,e2244
2961,e2244
2638,e2244
3070,e2244
1078,f001c
804,f001c
1026,f001c
1025,f001c
2045,b07ba
2181,b07ba
6220,4b47f
6222,4b47f
6223,4b47f
6221,4b47f
5685,4b47f
5663,4b47f
5687,4b47f
5664,4b47f
171,e119f
172,e119f
175,e119f
233,e119f
170,e119f
235,e119f
1196,ea9ec
5834,5c916
5742,5c916
6023,5c916
6022,5c916
2800,a9028
3226,a9028
1890,a9028
3467,a9028
1891,a9028
1889,a9028
2034,a9028
3468,a9028
2122,a9028
3470,a9028
1887,a9028
1886,a9028
1888,a9028
3466,a9028
942,a64e2
533,a64e2
976,a64e2
977,a64e2
978,a64e2
1171,a64e2
1170,a64e2
6887,e7fd9
4814,7a1b6
3772,7a1b6
3771,7a1b6
4815,7a1b6
1169,232fc
1139,232fc
334,232fc
333,232fc
1847,ca464
2461,ca464
2463,ca464
3543,ca464
1846,ca464
1845,ca464
6274,ee694
6227,ee694
6225,ee694
6229,ee694
6228,ee694
323,b6dfe
7127,00720
7129,00720
6837,00720
7128,00720
6645,00720
6647,00720
7189,00720
7060,00720
7058,00720
1699,260a3
1701,260a3
1698,260a3
3923,a7d1a
3927,a7d1a
3925,a7d1a
3922,a7d1a
3926,a7d1a
3924,a7d1a
470,1d6e9
421,1d6e9
1625,0e6c4
6752,904ea
6738,904ea
6740,904ea
4638,e0965
4637,e0965
4639,e0965
5155,e0965
5156,e0965
4231,e0965
5154,e0965
3667,e0965
3666,e0965
4232,e0965
3668,e0965
7000,008f2
6999,008f2
6997,008f2
7009,008f2
7008,008f2
7007,008f2
6672,1f6f4
7064,1f6f4
7050,1f6f4
7048,1f6f4
6403,1f6f4
2256,4999f
1693,4999f
2257,4999f
1695,4999f
1697,4999f
1696,4999f
6397,a70b8
6844,a70b8
6067,8e74e
6024,8e74e
6027,8e74e
6029,8e74e
5820,8e74e
5819,8e74e
6026,8e74e
6068,8e74e
6116,d4889
5434,d4889
6268,0b1c5
5831,0b1c5
5340,0b1c5
6238,0b1c5
7202,13cab
7255,13cab
7253,13cab
7254,13cab
5643,74a6a
6251,74a6a
6252,74a6a
5300,74a6a
5302,74a6a
5299,74a6a
5897,0d0b9
5893,0d0b9
5699,0d0b9
5702,0d0b9
5698,0d0b9
5700,0d0b9
5701,0d0b9
6262,0d0b9
6260,0d0b9
6261,0d0b9
6257,0d0b9
6258,0d0b9
5825,db2b7
5824,db2b7
5293,db2b7
5292,db2b7
5294,db2b7
3511,32e05
3509,32e05
3510,32e05
3508,32e05
6694,0ce86
6696,0ce86
6843,0ce86
7327,0ce86
7117,0ce86
6719,0ce86
5864,a96fa
398,a76d8
357,a76d8
397,a76d8
399,a76d8
1289,a76d8
1288,a76d8
379,a76d8
382,a76d8
326,315dc
1268,315dc
811,315dc
82,315dc
1269,315dc
1272,315dc
1270,315dc
1271,315dc
6851,a3d12
3454,374f8
2310,86a15
2824,86a15
2307,86a15
2752,86a15
3580,86a15
1724,86a15
2305,86a15
2826,86a15
2308,86a15
2723,86a15
2720,86a15
2724,86a15
2722,86a15
2721,86a15
2719,86a15
3260,86a15
6106,b25ac
674,a7ceb
4341,b3545
4344,b3545
3657,b3545
4340,b3545
4342,b3545
4343,b3545
3658,b3545
4489,b3545
4488,b3545
4688,b3545
4491,b3545
4490,b3545
4898,b3545
4492,b3545
1012,eb3ab
875,eb3ab
1013,eb3ab
874,eb3ab
1666,eb3ab
58,eb3ab
1665,eb3ab
763,f87d2
967,f87d2
969,f87d2
970,f87d2
935,f87d2
1488,f87d2
968,f87d2
624,f87d2
625,f87d2
627,f87d2
936,f87d2
972,f87d2
937,f87d2
6806,fd50d
6807,fd50d
4094,39ea6
4095,39ea6
4802,39ea6
4254,39ea6
5194,39ea6
5226,39ea6
5193,39ea6
6296,175f5
6297,175f5
6298,175f5
4649,12a56
794,f4bc3
3223,fcf2b
3225,fcf2b
1796,f6655
1226,f2eb7
1225,f2eb7
1224,f2eb7
4918,44d2c
4672,44d2c
4434,44d2c
4670,44d2c
4674,44d2c
5762,47685
5763,47685
5760,47685
6035,47685
6103,47685
6104,47685
4337,728c9
4338,728c9
4335,728c9
4339,728c9
4334,728c9
4336,728c9
4385,728c9
4384,728c9
6107,98666
3591,80318
5403,393fe
5404,393fe
5402,393fe
5400,393fe
5551,393fe
5549,393fe
6720,27ed8
7099,27ed8
7103,27ed8
7101,27ed8
7098,27ed8
1187,04867
1188,04867
919,04867
506,04867
504,04867
922,04867
1484,04867
1141,04867
1076,04867
938,04867
218,04867
958,04867
1077,04867
1074,04867
1073,04867
1072,04867
1075,04867
799,04867
454,04867
1469,04867
1470,04867
1337,04867
1335,04867
2835,3481c
2833,3481c
2832,3481c
2513,3481c
2831,3481c
3082,3481c
3083,3481c
2177,3481c
1742,3481c
3249,3481c
2512,3481c
2175,3481c
2777,3481c
2176,3481c
2178,3481c
1740,3481c
3247,3481c
3081,3481c
3449,3481c
3246,3481c
2511,3481c
2775,3481c
3450,3481c
3245,3481c
3248,3481c
3250,3481c
2035,3481c
2038,3481c
2774,3481c
2036,3481c
2776,3481c
3230,3481c
1741,3481c
2514,3481c
2037,3481c
1910,3481c
2613,3481c
3078,3481c
3252,3481c
2090,3481c
2089,3481c
2971,84cba
2972,84cba
2973,84cba
2469,84cba
549,4a400
1531,4a400
268,4a400
269,4a400
1532,4a400
548,4a400
1529,4a400
5756,56672
5757,56672
5758,56672
2727,b7d5c
2729,b7d5c
2728,b7d5c
2730,b7d5c
5949,7de97
7085,421fa
7082,421fa
7086,421fa
7084,421fa
7015,6dc18
6792,a8607
6791,a8607
6790,a8607
6975,a8607
6826,a8607
5353,e5b5f
5357,e5b5f
5356,e5b5f
5354,e5b5f
5355,e5b5f
5352,e5b5f
31,ee272
1342,ee272
1228,ee272
1229,ee272
556,ee272
1146,ee272
1143,ee272
1145,ee272
1144,ee272
1344,ee272
554,ee272
555,ee272
5275,32930
910,9324a
2378,ebcb7
3486,ebcb7
2320,ebcb7
3378,ebcb7
3330,ebcb7
2322,ebcb7
3377,ebcb7
2321,ebcb7
2380,ebcb7
4913,2b5bf
3744,2b5bf
4522,75b7c
4520,75b7c
4523,75b7c
5249,75b7c
5248,75b7c
5246,75b7c
4521,75b7c
4507,75b7c
7192,6ac8d
7056,6ac8d
7053,6ac8d
5865,be1ae
4732,e2cf7
4701,e2cf7
3810,c0e01
6279,05a7c
6277,05a7c
6278,05a7c
6280,05a7c
4908,8a834
822,711c9
7078,0aa46
7080,0aa46
1001,a1b28
1002,a1b28
374,a1b28
1003,a1b28
375,a1b28
868,6a238
1028,6a238
1031,6a238
835,6a238
838,6a238
6239,e5a9c
7148,655d6
7327,655d6
7326,655d6
7119,655d6
7155,655d6
6722,655d6
7156,655d6
7154,655d6
3706,ffde0
4285,ffde0
1776,8c0cc
1775,8c0cc
2215,8c0cc
1774,8c0cc
1777,8c0cc
4626,b0b5e
4937,b0b5e
4604,b0b5e
4144,b0b5e
4603,b0b5e
4605,b0b5e
1573,bf4fd
1649,bf4fd
1199,bf4fd
1027,bf4fd
662,bf4fd
480,bf4fd
412,bf4fd
1667,bf4fd
478,bf4fd
676,bf4fd
677,bf4fd
257,bf4fd
462,bf4fd
256,bf4fd
679,bf4fd
1122,bf4fd
1651,bf4fd
915,86e43
244,86e43
619,86e43
1855,2d0ef
2115,2d0ef
2576,2d0ef
1294,7b6f0
1293,7b6f0
553,38086
1647,38086
1648,38086
889,38086
36,38086
944,38086
6761,e64d8
7173,9668f
7171,9668f
7172,9668f
7175,9668f
7174,9668f
6684,9668f
6687,9668f
6683,9668f
1,92039
6157,70f9f
5517,70f9f
5444,70f9f
5445,70f9f
5443,70f9f
6159,70f9f
5515,70f9f
6161,70f9f
5516,70f9f
5514,70f9f
6158,70f9f
6160,70f9f
5519,70f9f
5706,70f9f
5704,70f9f
6712,d15bf
7104,d15bf
6711,d15bf
6713,d15bf
6423,d15bf
7106,d15bf
7105,d15bf
7107,d15bf
6425,d15bf
6422,d15bf
7108,d15bf
3847,e93b9
3849,e93b9
3848,e93b9
5245,e93b9
4534,e93b9
1402,4b12e
844,4b12e
1403,4b12e
1340,4b12e
1404,4b12e
1338,4b12e
843,4b12e
5711,fc010
5835,fc010
5836,fc010
4034,53839
4035,53839
4037,53839
4033,53839
4036,53839
5013,53839
5009,53839
5012,53839
5011,53839
5010,53839
4691,53839
4693,53839
4692,53839
4694,53839
4684,53839
4681,53839
4683,53839
4685,53839
6579,cdfb5
6578,cdfb5
6580,cdfb5
7269,cdfb5
7272,cdfb5
7270,cdfb5
6709,9a3b9
6707,9a3b9
3767,48d0d
3766,48d0d
4785,48d0d
4056,48d0d
5192,48d0d
4784,48d0d
5189,48d0d
5190,48d0d
4055,48d0d
4057,48d0d
4053,48d0d
4787,48d0d
5191,48d0d
4054,48d0d
4786,48d0d
4788,48d0d
4783,48d0d
6018,bce51
5457,200d3
3065,707fb
2195,707fb
2194,707fb
2193,707fb
5807,88000
7265,d2823
6451,d2823
7164,d2823
6450,d2823
1657,a846e
5696,1e507
705,02160
703,02160
824,02160
704,02160
702,02160
706,02160
825,02160
655,02160
827,02160
828,02160
826,02160
1580,02160
1583,02160
330,02160
331,02160
3309,cb0e7
2941,cb0e7
2923,cb0e7
2940,cb0e7
2041,cb0e7
2389,cb0e7
2924,cb0e7
2922,cb0e7
2938,cb0e7
2925,cb0e7
2508,cb0e7
2507,cb0e7
2506,cb0e7
2044,cb0e7
2820,cb0e7
2653,cb0e7
2043,cb0e7
2443,cb0e7
2441,cb0e7
2442,cb0e7
2652,cb0e7
3310,cb0e7
2388,cb0e7
1897,d13c0
3331,d13c0
4499,c94f1
4497,c94f1
2434,740a4
3088,740a4
3087,740a4
2585,26725
2895,26725
2899,26725
2898,26725
3094,26725
2583,26725
2896,26725
2897,26725
2584,26725
979,c120e
772,c120e
980,c120e
6256,fd482
4291,87e27
3997,17fc9
3995,17fc9
3996,17fc9
3999,17fc9
2203,40645
2202,40645
411,6014e
2609,d6192
3550,d6192
3551,d6192
5348,91c1d
4298,370c9
3661,878be
3663,878be
108,2f851
45,2f851
4332,d354e
4331,d354e
3967,d354e
4330,d354e
4579,d354e
4577,d354e
4576,d354e
3970,d354e
4578,d354e
5162,d354e
5242,d354e
5243,d354e
5244,d354e
5241,d354e
3728,d354e
3727,d354e
3730,d354e
4393,0a76e
6165,63409
6164,63409
6656,b516c
6658,b516c
6655,b516c
6515,b516c
6511,b516c
6513,b516c
6516,b516c
6619,b516c
6618,b516c
6512,b516c
6322,b516c
6324,b516c
6323,b516c
6325,b516c
6340,b516c
3739,d42cf
5258,d42cf
3737,d42cf
6073,4b6b1
6074,4b6b1
5512,4b6b1
5565,dd344
2462,c1da3
2858,c1da3
2859,c1da3
2254,c1da3
2714,c1da3
2713,c1da3
2715,c1da3
3457,1c1b9
1955,1c1b9
2855,9d52e
2246,9d52e
3164,9d52e
2856,9d52e
3166,9d52e
2853,9d52e
1622,cb0e1
1621,cb0e1
1620,cb0e1
1618,cb0e1
613,cb0e1
96,cb0e1
615,cb0e1
5710,25432
1106,ceac6
117,ceac6
1110,ceac6
1494,ceac6
7278,5598e
6317,5598e
7078,4ab85
7080,4ab85
7115,4ab85
7112,4ab85
7113,4ab85
7094,4ab85
7095,4ab85
7111,4ab85
7110,4ab85
1329,11923
459,11923
458,11923
456,11923
5524,0e9b0
5527,0e9b0
5586,0e9b0
6592,61c22
6589,61c22
6590,61c22
284,b01f9
3195,27604
2671,27604
1963,27604
2670,27604
1964,27604
1962,27604
3216,27604
2819,26be3
2768,26be3
2687,26be3
12,e84a7
543,e84a7
5485,48a0f
5483,48a0f
5487,48a0f
5486,48a0f
5484,48a0f
5781,48a0f
5786,48a0f
5783,48a0f
5784,48a0f
5782,48a0f
3339,b2a94
2397,b2a94
3338,b2a94
3340,b2a94
2395,b2a94
3554,927cf
3555,927cf
2331,927cf
2658,927cf
2657,927cf
2659,927cf
2660,927cf
5598,fa421
5405,fa421
5373,fa421
5371,fa421
5597,fa421
3363,73ceb
3362,73ceb
473,8b528
5,b2de1
9,b2de1
66,b2de1
4,b2de1
1262,b2de1
1264,b2de1
6,b2de1
1263,b2de1
7,b2de1
8,b2de1
6326,57ee6
6328,57ee6
6724,57ee6
6723,57ee6
7311,57ee6
7310,57ee6
7309,57ee6
1374,51cb0
1372,51cb0
1561,51cb0
974,51cb0
1373,51cb0
975,51cb0
872,51cb0
230,51cb0
2238,892a1
2753,892a1
1911,892a1
1912,892a1
1913,892a1
2983,892a1
3275,892a1
2237,892a1
3603,892a1
3277,892a1
2754,892a1
3604,892a1
5046,5f949
5044,5f949
5048,5f949
5045,5f949
5049,5f949
5047,5f949
5133,5f949
5134,5f949
5129,5f949
5132,5f949
5130,5f949
1296,d3eac
1295,d3eac
1298,d3eac
1299,d3eac
323,d3eac
1992,487cc
1703,487cc
1829,487cc
594,a89e6
1443,a89e6
1444,a89e6
5077,afec9
5078,afec9
4110,afec9
4402,afec9
5123,afec9
4860,afec9
4838,afec9
4635,afec9
4861,afec9
4634,afec9
3749,afec9
3750,afec9
3664,afec9
4839,afec9
3751,afec9
6092,ad4ed
6093,ad4ed
5771,e9fa0
3203,8d9f2
2445,8d9f2
2718,8d9f2
765,922de
766,922de
798,922de
800,922de
5706,cec8e
1046,d19db
564,d19db
358,d19db
490,d19db
359,d19db
491,d19db
1045,d19db
2565,29761
5477,6fb0c
5478,6fb0c
5481,6fb0c
5692,7538c
5555,7538c
5284,7538c
5339,7538c
5679,9a7a6
5969,9a7a6
1008,6cffd
1317,6cffd
984,4590f
125,4590f
986,4590f
494,4590f
499,4590f
498,4590f
415,f21b3
612,f21b3
1423,f21b3
430,f21b3
413,f21b3
1425,f21b3
429,f21b3
1424,f21b3
611,f21b3
199,f21b3
513,f21b3
516,f21b3
517,f21b3
512,f21b3
515,f21b3
514,f21b3
200,f21b3
49,f21b3
1526,f21b3
1527,f21b3
3337,3258d
3336,3258d
3327,3258d
3328,3258d
3335,3258d
3051,1d732
2601,1d732
2602,1d732
2603,1d732
2234,1d732
3389,d2106
3390,d2106
2464,d2106
2404,5ffd2
1743,5ffd2
1746,5ffd2
2402,5ffd2
2401,5ffd2
2403,5ffd2
1744,5ffd2
1745,5ffd2
3173,5ffd2
3175,5ffd2
3599,5ffd2
2031,5ffd2
2030,5ffd2
6235,23a34
6237,23a34
6236,23a34
6234,23a34
5658,23a34
5657,23a34
5659,23a34
5787,23a34
3950,5c658
3948,5c658
2521,ec3d8
2885,ec3d8
1860,ec3d8
3375,ec3d8
3254,ec3d8
2741,ec3d8
2740,ec3d8
3376,ec3d8
3373,ec3d8
1812,ec3d8
3253,ec3d8
1814,ec3d8
2523,ec3d8
3374,ec3d8
1811,ec3d8
1813,ec3d8
1815,ec3d8
1733,e2334
6287,6c1ac
6128,6c1ac
6127,6c1ac
6129,6c1ac
6288,6c1ac
5594,6c1ac
6130,6c1ac
6034,6c1ac
6031,6c1ac
5945,6c1ac
5592,6c1ac
5489,6c1ac
5491,6c1ac
5591,6c1ac
5421,6c1ac
5490,6c1ac
5492,6c1ac
6286,6c1ac
5493,6c1ac
5596,6c1ac
5580,6c1ac
5584,6c1ac
5420,6c1ac
5593,6c1ac
5582,6c1ac
5419,6c1ac
5422,6c1ac
5581,6c1ac
5417,6c1ac
6956,81228
6232,f8256
5767,f8256
5768,f8256
5853,d2ed0
5572,d2ed0
5642,d2ed0
5574,d2ed0
5573,d2ed0
5062,70b20
5067,70b20
5065,70b20
5066,70b20
7165,ec37f
5789,07ea2
3929,1bfad
3928,1bfad
4526,1bfad
4528,1bfad
1147,c7ac7
173,c7ac7
234,c7ac7
174,c7ac7
529,c7ac7
1148,c7ac7
1151,c7ac7
1150,c7ac7
6170,0932c
6039,0932c
6038,0932c
4322,c623b
4721,c623b
3754,c623b
3755,c623b
4722,c623b
4180,c623b
3753,c623b
6625,dd867
6624,dd867
4264,8aa05
1682,49bc5
1681,49bc5
570,49bc5
394,49bc5
5604,2d6ad
4241,72a8f
4245,72a8f
3978,72a8f
4414,72a8f
4756,72a8f
4413,72a8f
3724,72a8f
7243,2acd2
4388,8c8f4
4387,8c8f4
4386,8c8f4
7203,04e52
7289,04e52
7290,04e52
7291,04e52
6090,18ac3
5697,18ac3
6091,18ac3
6183,18ac3
6184,18ac3
6185,18ac3
385,a419f
384,a419f
681,a419f
900,a419f
601,a419f
680,a419f
717,a419f
4536,a1bff
4535,a1bff
952,1a1a3
955,1a1a3
954,1a1a3
953,1a1a3
484,1a1a3
6436,a0d77
7250,a0d77
7143,a0d77
6920,a0d77
6921,a0d77
7145,a0d77
7248,a0d77
718,e77b9
223,e77b9
1503,ae676
1490,ae676
1492,ae676
1491,ae676
1502,ae676
1351,ae676
1350,ae676
1094,ae676
1091,ae676
307,ae676
305,ae676
308,ae676
304,ae676
388,ae676
309,ae676
1093,ae676
1583,ae676
1582,ae676
690,ae676
1399,ae676
691,ae676
1400,ae676
689,ae676
1397,ae676
688,ae676
692,ae676
1418,ae676
1419,ae676
1401,ae676
1089,ae676
581,ae676
582,ae676
71,ae676
70,ae676
72,ae676
3974,02248
3945,02248
6496,64200
6495,64200
6494,64200
6497,64200
7180,64200
6856,64200
6855,64200
2206,f4e9a
2205,f4e9a
2204,f4e9a
1709,f4e9a
2202,f4e9a
2203,f4e9a
4101,73d63
4096,73d63
4762,73d63
4099,73d63
4098,73d63
4100,73d63
4097,73d63
327,3c5d3
3675,80708
3878,80708
3911,80708
5188,80708
3910,80708
5187,80708
3879,80708
4233,80708
4234,80708
6240,4293d
5739,4293d
6382,5a203
6353,5a203
7170,5a203
6383,5a203
6468,5a203
6598,5a203
5634,07d47
6841,7fecf
6889,7fecf
6888,7fecf
6370,7fecf
6890,7fecf
6374,7fecf
6369,7fecf
6372,7fecf
1184,815fb
443,815fb
60,815fb
1035,815fb
696,815fb
3877,d1283
1060,02694
1061,02694
927,02694
725,02694
1325,02694
1516,02694
1326,02694
1515,02694
1323,02694
686,02694
1324,02694
685,02694
682,02694
1328,02694
684,02694
683,02694
4816,d6606
4102,d6606
4818,d6606
4103,d6606
4820,d6606
5406,d15ae
5823,d15ae
5822,d15ae
3873,cf193
3874,cf193
5100,cf193
5101,cf193
4142,7ef12
1878,ba385
2411,ba385
1879,ba385
1877,ba385
2133,ba385
6385,125a5
6386,125a5
6846,5a014
6814,5a014
7169,5a014
6351,5a014
7222,5a014
6469,5a014
7223,5a014
6382,5a014
5470,76c70
1020,3d355
1021,3d355
1019,3d355
1018,3d355
5263,7dd5e
5262,7dd5e
5877,84e6e
5656,84e6e
5655,84e6e
6054,84e6e
5878,84e6e
5653,84e6e
6056,84e6e
6057,84e6e
6055,84e6e
5188,e6dad
5187,e6dad
3152,7478e
3153,7478e
2335,7478e
4377,32c84
4375,32c84
4373,32c84
4378,32c84
3859,32c84
4376,32c84
3860,32c84
3858,32c84
3856,32c84
4305,32c84
3857,32c84
4960,32c84
965,f9e47
353,f9e47
354,f9e47
540,219ff
6194,586a4
4863,2f797
4188,2f797
4187,2f797
5070,2f797
5071,2f797
5072,2f797
5069,2f797
7220,943d3
7219,943d3
6402,943d3
7332,943d3
6401,943d3
6585,943d3
6588,943d3
6375,943d3
6586,943d3
6376,943d3
2501,485ab
3265,c35b8
3264,c35b8
2054,c35b8
2021,c35b8
2838,c35b8
2053,c35b8
2022,c35b8
2019,c35b8
3493,c35b8
3492,c35b8
2839,c35b8
1332,63eda
165,63eda
3784,31df3
2373,de780
2116,f79ce
2093,f79ce
3618,f79ce
6870,20f2f
6869,20f2f
6867,20f2f
6865,20f2f
3756,f4d66
6179,2f1a8
6181,2f1a8
6180,2f1a8
5708,2f1a8
5603,2f1a8
5599,2f1a8
5602,2f1a8
5788,cad07
6968,342a6
6635,342a6
6455,342a6
7036,342a6
6967,342a6
6849,342a6
7035,342a6
7063,342a6
7062,342a6
6308,342a6
7240,342a6
4287,caba7
4288,caba7
2159,43d57
2608,43d57
2598,2f1fb
3514,2f1fb
4901,6de7b
3654,6de7b
5227,6de7b
4877,6de7b
5229,6de7b
3653,6de7b
3652,6de7b
4558,b57e6
4974,b57e6
4976,b57e6
4555,b57e6
4975,b57e6
4557,b57e6
4977,b57e6
4559,b57e6
4560,b57e6
4556,b57e6
4481,fe8c7
3696,543cc
3691,543cc
3694,543cc
4951,543cc
4953,543cc
4952,543cc
4950,543cc
4949,543cc
3692,543cc
3695,543cc
3693,543cc
4891,543cc
4427,543cc
3803,543cc
3802,543cc
4327,543cc
4887,543cc
4886,543cc
4678,543cc
4754,543cc
4755,543cc
781,60bd5
782,60bd5
1266,60bd5
5287,b076a
4482,43395
4487,43395
4485,43395
4486,43395
4484,43395
6714,738c6
6715,738c6
7002,738c6
195,e0d5e
194,e0d5e
145,e0d5e
7010,2f15b
6606,2f15b
6448,2f15b
6447,2f15b
6757,2f15b
6759,2f15b
6758,2f15b
7304,2f15b
7306,2f15b
6919,2f15b
6916,2f15b
6917,2f15b
7303,2f15b
7305,2f15b
3100,a1d3d
3099,a1d3d
3098,a1d3d
2428,a1d3d
3883,aea53
3882,aea53
1518,04eac
726,04eac
1060,04eac
6409,0c691
6407,0c691
6408,0c691
6595,0c691
7037,0c691
6410,0c691
7006,0c691
6412,0c691
3783,84de1
3781,84de1
3782,84de1
4879,84de1
4880,84de1
297,43f3e
2219,15404
1965,15404
2221,15404
1968,15404
2217,15404
1867,15404
1864,15404
3208,15404
2365,15404
3209,15404
2364,15404
2366,15404
3206,15404
2220,15404
3207,15404
2218,15404
3210,15404
2015,15404
2561,15404
1966,15404
2117,15404
2558,15404
2118,15404
2003,15404
2017,15404
2559,15404
2562,15404
2001,15404
2004,15404
2002,15404
2016,15404
2560,15404
1967,15404
2563,15404
4453,6e3d6
4456,6e3d6
3769,6e3d6
3770,6e3d6
4090,6e3d6
3824,6e3d6
3823,6e3d6
3826,6e3d6
3825,6e3d6
5503,e19da
5504,e19da
3513,cbe73
6769,f8a2a
6768,f8a2a
6415,f8a2a
909,f3885
907,f3885
908,f3885
5808,50cbf
6953,dfd72
3639,58eff
3636,58eff
3638,58eff
3637,58eff
5589,54d66
5817,54d66
6861,cb0f5
6858,cb0f5
6785,cb0f5
6582,cb0f5
6786,cb0f5
6788,cb0f5
6857,cb0f5
6700,cb0f5
6859,cb0f5
6702,cb0f5
6879,cb0f5
6583,cb0f5
6937,cb0f5
6938,cb0f5
6941,cb0f5
6538,cb0f5
6537,cb0f5
7097,cb0f5
6535,cb0f5
7096,cb0f5
6357,cb0f5
6361,cb0f5
6536,cb0f5
6734,cb0f5
6735,cb0f5
6736,cb0f5
6733,cb0f5
7324,cb0f5
7322,cb0f5
7320,cb0f5
7321,cb0f5
7323,cb0f5
7000,cb0f5
6999,cb0f5
5979,7644f
5983,7644f
5558,7644f
5560,7644f
6729,b00d6
2537,882f6
2842,882f6
2534,882f6
2535,882f6
2843,882f6
2845,882f6
2538,882f6
2798,882f6
2874,2bc73
3440,2bc73
3528,2bc73
2425,2bc73
2427,2bc73
2059,2bc73
2058,2bc73
1801,2bc73
1078,44005
804,44005
1079,44005
1129,44005
1127,44005
1128,44005
5890,47271
5891,47271
5892,47271
6231,d4dcf
6230,d4dcf
1757,ac8df
1758,ac8df
1756,ac8df
2645,ac8df
1759,ac8df
2328,ac8df
5466,fba3a
229,ddf64
228,ddf64
887,ddf64
1587,ddf64
1588,ddf64
1586,ddf64
3741,782dc
4711,782dc
3743,782dc
3740,782dc
3742,782dc
4283,782dc
4284,782dc
4668,782dc
6190,02f8a
6188,02f8a
6191,02f8a
420,fb8c4
5231,a2596
4026,a2596
4025,a2596
5102,a2596
5104,a2596
4199,a2596
3165,26aad
2247,26aad
1362,df5a9
5902,faa27
2123,7f0c5
3465,7f0c5
3469,7f0c5
3473,7f0c5
3474,7f0c5
2649,7f0c5
3745,c7ee6
6416,f6b64
6417,f6b64
6400,f6b64
6398,f6b64
6545,f6b64
6489,f6b64
6546,f6b64
6544,f6b64
5291,e3165
1930,c53f3
1926,c53f3
3361,c53f3
1929,c53f3
1928,c53f3
3356,c53f3
3360,c53f3
3358,c53f3
1927,c53f3
3357,c53f3
3317,51c8a
3318,51c8a
2914,51c8a
2913,51c8a
2915,51c8a
1253,d0f88
122,d0f88
121,d0f88
870,d0f88
840,d0f88
839,d0f88
871,d0f88
1030,d0f88
1029,d0f88
255,d0f88
837,d0f88
253,d0f88
254,d0f88
869,d0f88
868,d0f88
2716,32407
3609,32407
2039,32407
2040,32407
2432,32407
2433,32407
2166,436e1
3365,436e1
2167,436e1
2168,436e1
2164,436e1
2877,4463a
1805,4463a
1804,4463a
3227,4463a
3228,4463a
3220,4463a
3048,4463a
3617,4463a
2329,4463a
3218,4463a
3535,4463a
2348,4463a
1810,4463a
1822,4463a
1820,4463a
3294,4463a
2817,c3cd0
2769,c3cd0
2818,c3cd0
2688,c3cd0
2304,c3cd0
5536,35c37
5534,35c37
6113,35c37
5537,35c37
5535,35c37
6111,35c37
5337,35c37
5338,35c37
5335,35c37
6109,35c37
5802,35c37
6110,35c37
5829,35c37
6112,35c37
5336,35c37
5800,35c37
5799,35c37
2361,45a93
2544,45a93
2543,45a93
2363,45a93
3193,4bde6
3194,4bde6
2362,4bde6
5041,82a68
5040,82a68
4235,82a68
3875,82a68
4459,82a68
4461,82a68
4850,82a68
4460,82a68
4458,82a68
4834,82a68
4830,82a68
4832,82a68
4835,82a68
4831,82a68
4833,82a68
5754,f2ed7
5498,f2ed7
5499,f2ed7
5753,f2ed7
5431,f2ed7
5433,f2ed7
3781,bb0c0
4463,bb0c0
4880,bb0c0
3985,bb0c0
3986,bb0c0
3988,bb0c0
3987,bb0c0
6098,1d696
6186,1d696
5435,1d696
5436,1d696
5439,1d696
5437,1d696
2157,d5941
2227,d5941
2226,d5941
1834,5facc
284,1d374
451,1d374
1652,1d374
1097,1d374
808,1d374
712,1d374
711,1d374
710,1d374
807,1d374
1654,1d374
785,1d374
452,1d374
713,1d374
535,1d374
536,1d374
131,1d374
133,1d374
752,1d374
755,1d374
450,1d374
1210,1d374
753,1d374
1099,1d374
453,1d374
1655,1d374
449,1d374
538,1d374
788,1d374
630,7eb3a
1631,7eb3a
1154,7eb3a
1152,7eb3a
1632,7eb3a
1153,7eb3a
3056,73bf7
3054,73bf7
2650,73bf7
7124,a3ed2
7125,a3ed2
6329,a3ed2
752,558ac
614,e0063
93,e0063
817,94a00
393,94a00
1634,94a00
392,94a00
1633,94a00
3321,e0c43
3322,e0c43
3323,e0c43
1848,7145a
2823,7145a
2143,7145a
2142,7145a
3577,a98e0
3576,a98e0
3579,a98e0
3578,a98e0
1830,da5fe
646,14664
542,14664
647,14664
14,5c4fa
2333,440bb
7275,b7609
7276,b7609
6972,b7609
7012,b7609
6974,b7609
6526,b7609
7178,b7609
6973,b7609
7177,b7609
7179,b7609
7014,b7609
1201,17d1f
583,17d1f
1200,17d1f
577,17d1f
342,17d1f
503,17d1f
502,17d1f
294,17d1f
293,17d1f
295,17d1f
292,17d1f
920,17d1f
1486,17d1f
1487,17d1f
1483,17d1f
1185,17d1f
921,17d1f
1187,17d1f
2125,19944
2299,19944
2124,19944
2298,19944
2300,19944
2297,19944
2678,19944
1909,19944
1908,19944
2679,19944
1907,19944
373,13e72
368,13e72
369,13e72
370,13e72
372,13e72
1442,13e72
371,13e72
1441,13e72
1440,13e72
1439,13e72
1717,aa355
5539,5c120
5775,5c120
5777,5c120
5780,5c120
5776,5c120
5779,5c120
5778,5c120
6990,dd795
567,b0028
467,b0028
568,b0028
1685,b0028
465,b0028
1683,b0028
468,b0028
466,b0028
571,b0028
396,b0028
1304,b0028
701,b0028
1686,b0028
569,b0028
464,b0028
1305,b0028
1278,b0028
570,b0028
1682,b0028
1681,b0028
1979,048eb
2712,048eb
2617,048eb
2615,048eb
2710,048eb
2709,048eb
2616,048eb
2444,048eb
6272,e7a52
6271,e7a52
6273,e7a52
2291,03517
2239,03517
2863,03517
2240,03517
2241,03517
2292,03517
3004,03517
3394,03517
3392,03517
2770,03517
3393,03517
3482,1ebeb
3471,1ebeb
3484,1ebeb
3472,1ebeb
5020,134e4
4867,134e4
5312,5ae3a
5313,5ae3a
5310,5ae3a
5311,5ae3a
5315,5ae3a
5317,5ae3a
5314,5ae3a
5319,5ae3a
5316,5ae3a
5774,5ae3a
3898,44419
3899,44419
3896,44419
3897,44419
6607,2c869
1551,33d57
1549,33d57
1548,33d57
1598,33d57
1552,33d57
1158,33d57
1157,33d57
1039,33d57
1599,33d57
135,33d57
1037,33d57
1547,33d57
1550,33d57
1038,33d57
991,33d57
990,33d57
137,33d57
138,33d57
136,33d57
1132,33d57
1134,33d57
988,33d57
987,33d57
1507,33d57
1506,33d57
1161,33d57
649,33d57
1135,33d57
992,33d57
653,33d57
654,33d57
1596,33d57
518,33d57
1418,33d57
1320,c3d49
6650,18dd0
5907,7b71b
6000,7b71b
4679,1cf43
3982,1cf43
4926,1cf43
4398,1cf43
5922,1f3c0
5921,1f3c0
2636,fbe98
2062,fbe98
4653,8641e
4624,8641e
4623,8641e
4112,8641e
4111,8641e
4109,8641e
531,18b22
47,18b22
530,18b22
59,18b22
30,18b22
28,18b22
27,18b22
3840,397d2
3843,397d2
3841,397d2
4884,6d444
4885,6d444
3426,85252
3628,85252
3425,85252
2539,85252
3424,85252
3629,85252
3423,85252
3626,85252
2828,85252
2540,85252
3627,85252
2829,85252
2827,85252
6594,3a8ef
6904,3a8ef
473,9d575
472,9d575
471,9d575
61,6c5bf
1289,6c5bf
281,6c5bf
356,6c5bf
380,6c5bf
188,6c5bf
190,6c5bf
279,6c5bf
186,6c5bf
278,6c5bf
5430,7d633
6350,f069d
6348,f069d
290,1d088
1208,1d088
545,1d088
544,1d088
288,1d088
1207,1d088
149,1d088
150,1d088
1474,1d088
846,1d088
1471,1d088
1473,1d088
1472,1d088
2971,dda71
1521,11b17
1519,11b17
1522,11b17
98,11b17
100,11b17
934,11b17
97,11b17
5410,4a13e
5293,4a13e
5292,4a13e
5294,4a13e
5295,4a13e
5307,3484d
5303,3484d
5306,3484d
5305,3484d
5814,3484d
5811,3484d
5688,3484d
5812,3484d
5810,3484d
6096,3484d
2191,35e18
2496,35e18
2495,35e18
319,69a91
1656,69a91
500,69a91
320,69a91
3762,cb914
4519,cb914
4618,a0bed
4775,a0bed
4776,a0bed
376,2c156
805,2c156
1322,ec148
1000,ec148
432,ec148
6770,c5959
7224,c5959
7206,c5959
7225,c5959
5345,9b719
6206,9b719
6207,9b719
5682,9b719
5683,9b719
5973,9b719
5689,fc4f7
5693,fc4f7
6143,9eaa3
6144,9eaa3
6146,9eaa3
6145,9eaa3
5766,9eaa3
5540,9eaa3
5541,9eaa3
5543,9eaa3
5542,9eaa3
4420,e0eed
3934,e0eed
3936,e0eed
5826,2c5fe
3307,46e9e
3306,46e9e
3305,46e9e
3304,46e9e
3303,46e9e
3308,46e9e
2566,98d1c
2243,98d1c
3296,50bea
310,45c85
878,45c85
1538,45c85
241,45c85
1536,45c85
1537,45c85
240,45c85
154,45c85
1273,45c85
153,45c85
1275,45c85
876,45c85
242,45c85
918,45c85
917,45c85
1017,45c85
1016,45c85
6426,28f66
6025,082ee
6028,082ee
4151,9f1f1
4159,9f1f1
4156,9f1f1
4160,9f1f1
4158,9f1f1
37,68f0e
3507,78eaa
3505,78eaa
4908,23e86
5827,cae52
2805,19193
3597,19193
3080,19193
2275,19193
2802,19193
2276,19193
2803,19193
2804,19193
2612,19193
1605,a16a8
4497,c19b5
4499,c19b5
4495,c19b5
4500,c19b5
4498,c19b5
5238,c19b5
5237,c19b5
5239,c19b5
3513,9c7d2
3589,9c7d2
3587,9c7d2
3515,9c7d2
3588,9c7d2
2814,9c7d2
2815,9c7d2
3512,9c7d2
3432,9c7d2
2597,9c7d2
2272,9c7d2
2273,9c7d2
3433,9c7d2
3262,9c7d2
2407,9c7d2
1916,9c7d2
3263,9c7d2
1914,9c7d2
3066,9c7d2
3067,9c7d2
2604,9c7d2
2498,9c7d2
6976,8a219
6980,8a219
5869,6cef2
5868,6cef2
5871,6cef2
5651,6cef2
5650,6cef2
1084,9178f
1413,9178f
1408,9178f
1409,9178f
1410,9178f
1411,9178f
2393,ba550
6292,76dff
6290,76dff
6291,76dff
6289,76dff
1961,103c1
5872,3c15d
5870,3c15d
5476,3c15d
5873,3c15d
6017,3c15d
6016,3c15d
4888,fb753
4911,fb753
4548,fb753
4910,fb753
4547,fb753
6599,63462
6750,63462
7294,63462
5963,b5766
5464,b5766
5966,b5766
5874,b5766
6015,b5766
4324,24a91
4323,24a91
5770,0c2c2
5773,0c2c2
5772,0c2c2
5769,0c2c2
2567,7a99e
2245,7a99e
1535,2f682
298,2f682
299,2f682
731,2f682
733,2f682
300,2f682
159,2f682
6340,6c81d
6341,6c81d
6313,6c81d
6862,6c81d
6312,6c81d
6995,6c81d
3538,9783e
3537,9783e
3542,9783e
3541,9783e
3539,9783e
3540,9783e
5661,0146f
5552,0146f
6287,66c43
5373,7fba1
5371,7fba1
4573,bd726
4416,73e8a
3239,c70cb
3243,c70cb
3560,c70cb
1713,c70cb
2027,c70cb
1712,c70cb
1714,c70cb
2026,c70cb
1711,c70cb
4622,a1fdd
4189,a1fdd
4621,a1fdd
4619,a1fdd
4087,a1fdd
4086,a1fdd
7286,92a23
7284,92a23
5969,862dd
5970,862dd
5678,862dd
5971,862dd
5677,862dd
6037,496c3
5612,496c3
6059,496c3
5611,496c3
1393,ec48b
1341,ec48b
1431,ec48b
5273,20168
6396,3913c
7196,3913c
5987,15a16
5986,15a16
7167,c3654
7033,c3654
6966,c3654
2147,5c6b1
4040,135e9
4041,135e9
4396,135e9
4758,03bcc
4757,03bcc
2635,a87cb
3562,a87cb
2634,a87cb
2633,a87cb
2632,a87cb
3564,a87cb
5109,b755f
4854,b755f
5108,b755f
4853,b755f
5110,b755f
4852,b755f
5107,b755f
4856,b755f
5006,b755f
5008,b755f
4202,b755f
5007,b755f
4201,b755f
4203,b755f
5712,e125f
6202,e125f
2145,b19a6
1863,b19a6
2187,b19a6
2182,b19a6
2183,b19a6
2185,b19a6
2186,b19a6
3138,b19a6
3140,b19a6
2440,b19a6
2931,b19a6
2934,b19a6
6674,603ac
2894,5eeba
2892,5eeba
2210,5eeba
2208,5eeba
3592,5eeba
2209,5eeba
7089,cee90
7090,cee90
7088,cee90
2473,35e45
1959,81997
1956,81997
1958,81997
1957,81997
1932,d1ca3
2028,d1ca3
4108,00c23
5200,9fe8a
4138,9fe8a
5967,b8c31
5968,b8c31
6002,b8c31
6001,b8c31
3748,5649b
4052,5649b
4431,5649b
4051,5649b
3674,5649b
4739,5649b
3673,5649b
3747,5649b
3671,5649b
4433,5649b
4107,5649b
4429,5649b
3979,5649b
4432,5649b
4106,5649b
4738,5649b
4104,5649b
4217,5649b
3672,5649b
7208,ff450
6932,ff450
6936,ff450
6935,ff450
6797,ff450
6801,ff450
1868,ffa37
3199,ffa37
2135,ffa37
3200,ffa37
2138,ffa37
2579,ffa37
2621,ffa37
1971,ffa37
1972,ffa37
3132,ffa37
2578,ffa37
3133,ffa37
3134,ffa37
3135,ffa37
1769,ffa37
1772,ffa37
1770,ffa37
2618,ffa37
6803,3ee29
7123,3ee29
6804,3ee29
7051,3ee29
6463,3ee29
7121,3ee29
7122,3ee29
6462,3ee29
6465,3ee29
6464,3ee29
6466,3ee29
4168,f3792
4552,f3792
4167,f3792
4554,f3792
4553,f3792
4091,f3792
4092,f3792
4093,f3792
1394,72bca
152,72bca
1274,72bca
4073,9656f
4072,9656f
2029,0cfca
3006,0928d
3008,0928d
3009,0928d
3007,0928d
3402,0928d
3583,0928d
3391,cbce5
2486,cbce5
2981,cbce5
4613,589bf
4615,589bf
2455,0cfd7
2458,0cfd7
3185,0cfd7
3565,0cfd7
2860,0cfd7
3186,0cfd7
2861,0cfd7
2457,0cfd7
2456,0cfd7
854,84a94
855,84a94
852,84a94
851,84a94
853,84a94
418,84a94
419,84a94
722,84a94
1642,84a94
856,84a94
1643,84a94
1644,84a94
1645,84a94
1646,84a94
760,84a94
416,84a94
1641,84a94
723,84a94
417,84a94
1414,84a94
1415,84a94
1416,84a94
344,84a94
761,84a94
343,84a94
346,84a94
1417,84a94
347,84a94
348,84a94
6642,99d3c
2637,2d9da
1943,2d9da
1944,2d9da
1946,2d9da
5817,17a8a
5816,17a8a
5615,17a8a
5815,17a8a
6362,6d753
6363,6d753
5117,644ec
2498,d111c
2497,d111c
2150,d111c
3110,d111c
2405,d111c
3182,d111c
2646,d111c
3109,d111c
2697,d111c
5195,219c9
4079,219c9
4080,219c9
3981,219c9
4032,219c9
4479,219c9
4480,219c9
4030,219c9
4031,219c9
271,16dd2
1528,16dd2
550,16dd2
1530,16dd2
270,16dd2
956,16dd2
1532,16dd2
552,16dd2
957,16dd2
551,16dd2
2052,1225a
6782,38c95
7256,38c95
6380,38c95
111,b0c8b
115,b0c8b
113,b0c8b
112,b0c8b
114,b0c8b
116,b0c8b
7002,180cf
7001,180cf
7026,180cf
7025,180cf
7027,180cf
1638,2afec
349,2afec
350,2afec
1164,2afec
351,2afec
352,2afec
1162,2afec
5309,964ef
6108,849f6
5282,849f6
5280,849f6
5281,849f6
5939,12da9
4525,62338
4524,62338
3401,3e434
3404,3e434
6332,b8038
6331,b8038
6333,b8038
6334,b8038
2146,75fe8
4476,18617
4477,18617
3915,18617
4062,18617
3912,18617
4063,18617
3913,18617
2909,cba2f
6932,3d1fd
6390,3d1fd
6389,3d1fd
6392,3d1fd
6798,3d1fd
6799,3d1fd
6796,3d1fd
6801,3d1fd
6934,3d1fd
6933,3d1fd
6746,3d1fd
6748,3d1fd
6279,e5b6a
5494,e5b6a
5617,49077
5618,49077
5620,49077
215,22f09
214,22f09
1625,22f09
1689,22f09
519,22f09
1688,22f09
1568,22f09
867,22f09
1687,22f09
1624,22f09
337,298d4
339,298d4
1407,298d4
338,298d4
1405,298d4
1088,298d4
1087,298d4
1406,298d4
5030,7e3be
4985,7e3be
4987,7e3be
4984,7e3be
4988,7e3be
5029,7e3be
4989,7e3be
5050,7e3be
6895,931ee
6896,931ee
6893,931ee
6894,931ee
6897,931ee
6991,931ee
6772,931ee
6773,931ee
5385,28fec
5386,28fec
5384,28fec
6048,14489
5790,dd5ef
5791,dd5ef
4616,711a4
4355,711a4
4356,711a4
4354,711a4
4352,711a4
4699,711a4
4353,711a4
4008,711a4
4698,711a4
4007,711a4
6282,713c3
6281,713c3
2700,c65b6
3478,c65b6
2701,c65b6
2129,2f048
2277,2f048
2128,2f048
2643,2f048
2644,2f048
2642,2f048
5207,07eb9
5209,07eb9
5208,07eb9
5206,07eb9
4922,07eb9
4924,07eb9
3822,07eb9
5052,07eb9
3786,07eb9
3785,07eb9
3819,07eb9
3820,07eb9
5053,07eb9
4400,07eb9
4401,07eb9
5054,07eb9
3821,07eb9
3787,07eb9
3410,ced82
3407,ced82
1838,ced82
1839,ced82
2927,ced82
3409,ced82
3411,ced82
3408,ced82
2841,ced82
1840,ced82
5216,80c07
5695,70187
6208,70187
176,09520
698,09520
1658,09520
134,09520
177,09520
697,09520
1223,09520
435,09520
5286,83aa4
5447,2991b
5397,2991b
5448,2991b
6006,2991b
5627,2991b
5270,2991b
5362,2991b
5449,2991b
6134,2991b
6008,2991b
5626,2991b
5269,2991b
5361,2991b
5450,2991b
6135,2991b
6051,2991b
6131,2991b
6049,2991b
5394,2991b
6132,2991b
6133,2991b
5396,2991b
6283,2991b
6284,2991b
629,a28bd
5548,ef6ac
7067,2b411
6569,2b411
6567,2b411
6566,2b411
6901,2b411
6902,2b411
6568,2b411
6881,2b411
5704,b13db
6020,b13db
6021,b13db
5669,b13db
5671,b13db
5667,b13db
336,0f292
1302,0f292
1303,0f292
1637,0f292
3080,455fd
3217,455fd
3216,455fd
2222,455fd
3298,455fd
2223,455fd
2346,455fd
2224,455fd
2995,455fd
2344,455fd
2992,455fd
3244,455fd
3299,455fd
2996,455fd
2994,455fd
2993,455fd
3125,e6bd2
3123,e6bd2
3122,e6bd2
3124,e6bd2
3517,3c60d
3500,3c60d
2796,3c60d
3415,3c60d
3414,3c60d
6009,f75f0
6010,f75f0
5645,f75f0
5644,f75f0
5376,f75f0
5375,f75f0
5374,f75f0
6011,f75f0
5576,aa911
5575,aa911
5752,aa911
3864,4b31d
5665,aecd4
5660,aecd4
5553,aecd4
5662,aecd4
5552,aecd4
2056,3acfc
2055,3acfc
4813,91898
4809,91898
4812,91898
4808,91898
4810,91898
3903,91898
3902,91898
3901,91898
4716,91898
5738,45770
6777,28a9a
5116,499be
5259,499be
5113,499be
4842,499be
5118,499be
5114,499be
5469,87044
5941,87044
5910,87044
5903,87044
5904,87044
5988,87044
128,cb0c7
126,cb0c7
1512,cb0c7
127,cb0c7
1511,cb0c7
745,cb0c7
5867,90a19
5866,90a19
5550,90a19
3798,1203e
4731,1203e
4730,1203e
3799,1203e
3800,1203e
3796,1203e
3797,1203e
3795,1203e
5136,1203e
5137,1203e
5141,1203e
5139,1203e
3886,1203e
3888,1203e
3887,1203e
5140,1203e
3884,1203e
4471,1203e
5138,1203e
3885,1203e
4278,1203e
4470,1203e
4282,1203e
4279,1203e
4024,1203e
4281,1203e
5153,1203e
5135,1203e
6275,37911
3571,06d05
3575,06d05
3573,06d05
3572,06d05
3574,06d05
5004,8fb9f
4999,8fb9f
4992,8fb9f
4991,8fb9f
4990,8fb9f
3715,f2982
3714,f2982
3716,f2982
5844,995be
5845,995be
5843,995be
5842,995be
5423,9fe11
5938,13997
1108,51ad6
3400,aa98f
3399,aa98f
2959,aa98f
4594,5d326
4592,5d326
4889,5d326
4593,5d326
5076,5d326
5074,5d326
5075,5d326
6124,502c8
6320,ee842
6802,ee842
6730,ee842
6731,ee842
155,66e24
156,66e24
157,66e24
158,66e24
7081,3c8a8
3324,89d15
2784,89d15
2783,89d15
2781,89d15
1970,89d15
1764,89d15
1763,89d15
1765,89d15
1762,89d15
3447,50ebf
3446,50ebf
5560,90471
5559,90471
5563,90471
5561,90471
5562,90471
5331,90471
5980,90471
5984,90471
5332,90471
5981,90471
5328,90471
5327,90471
5982,90471
5333,90471
7232,4a239
7233,4a239
7235,4a239
7226,4a239
2084,b27b5
3042,b27b5
3043,b27b5
3288,b27b5
1748,b27b5
1727,b27b5
1728,b27b5
1750,b27b5
1747,b27b5
5544,b6e7b
5545,b6e7b
4362,3246c
4364,3246c
4363,3246c
4360,3246c
4361,3246c
4585,3246c
4581,3246c
4584,3246c
4176,3246c
4175,3246c
4583,3246c
4582,3246c
4177,3246c
5609,b1f68
5641,36a96
5639,36a96
5640,36a96
2932,80b9f
2933,80b9f
1936,80b9f
7077,7a829
7076,7a829
6809,7a829
6810,7a829
6813,7a829
3880,5d810
4276,5d810
4274,5d810
4275,5d810
1316,0a664
772,0a664
1482,0a664
1054,0a664
80,0a664
1009,0a664
81,0a664
1481,0a664
771,0a664
4643,10d6f
4645,10d6f
4641,10d6f
4642,10d6f
4640,10d6f
6570,f7dab
3954,65812
3953,65812
3952,65812
4965,65812
4967,65812
4665,65812
4667,65812
7244,ff961
7243,ff961
4238,a7c76
4237,a7c76
4239,a7c76
5181,a7c76
5183,a7c76
4801,a7c76
4798,a7c76
4800,a7c76
1737,9b6c8
2206,9b6c8
1708,9b6c8
1739,9b6c8
1738,9b6c8
5792,a69a6
5797,a69a6
5794,a69a6
5796,a69a6
5795,a69a6
643,0b89a
1565,0b89a
645,0b89a
644,0b89a
1566,0b89a
895,0b89a
3842,82d73
3839,82d73
3840,82d73
5741,7e5b4
5740,7e5b4
2188,38396
2189,38396
2190,38396
2811,38396
2929,38396
2930,38396
1062,76c43
1064,76c43
586,76c43
589,76c43
588,76c43
1063,76c43
585,76c43
587,76c43
1065,76c43
3768,ccd25
5168,ccd25
4938,ccd25
328,dddbd
2968,c0b93
2978,c0b93
2706,c0b93
950,95a88
951,95a88
1195,95a88
1198,95a88
1193,95a88
7194,79a1b
7195,79a1b
7190,79a1b
6971,61438
709,516a0
708,516a0
1234,516a0
6317,44d65
6347,44d65
6319,44d65
7230,44d65
7217,44d65
2109,079de
3120,079de
3059,079de
3116,079de
1817,079de
2108,079de
2552,079de
2105,079de
2192,079de
2107,079de
3117,079de
2106,079de
2076,079de
2073,079de
5393,4b5f6
5391,4b5f6
5392,4b5f6
3058,bb0fb
3633,bb0fb
3632,bb0fb
3631,bb0fb
3635,bb0fb
263,8e057
739,8e057
390,8e057
740,8e057
4046,ffe8c
4045,ffe8c
3851,ffe8c
3850,ffe8c
4617,ffe8c
5409,6199c
3705,9a7c7
3704,9a7c7
4712,bb3f2
4882,586a2
4043,586a2
4883,586a2
4881,586a2
3567,6fff5
1789,6fff5
3412,6fff5
1931,6fff5
2911,6fff5
2910,6fff5
1524,a7a76
862,a7a76
863,a7a76
163,a7a76
865,a7a76
2866,bf920
3448,bf920
6544,99600
6543,99600
6339,99600
6961,26742
6960,26742
6994,26742
6487,26742
1900,b1377
1902,b1377
1899,b1377
1903,b1377
1901,b1377
1998,b1377
1994,b1377
1996,b1377
2682,1b584
2390,1b584
2394,1b584
3178,1b584
1767,65624
3477,65624
1934,65624
3302,65624
3300,65624
3301,65624
3476,65624
3620,c670a
2586,c670a
1012,33e3e
5876,f67ce
4021,5c206
4019,5c206
4382,5c206
4383,5c206
4380,5c206
4023,5c206
4022,5c206
4379,5c206
4381,5c206
3976,5c206
4846,5c206
3977,5c206
777,319d4
1461,319d4
775,319d4
1460,319d4
378,319d4
5033,5580c
4858,5580c
5032,5580c
4859,5580c
5031,5580c
5035,5580c
4857,5580c
5036,5580c
5034,5580c
1015,594de
5577,6c46f
5578,6c46f
5579,6c46f
3172,0f7ae
3388,0f7ae
3387,0f7ae
1674,65723
1464,65723
1463,65723
1466,65723
1468,65723
1467,65723
1380,65723
406,65723
403,65723
1448,65723
1449,65723
1454,65723
1675,65723
1465,65723
1445,65723
1457,65723
1446,65723
181,65723
1673,65723
1456,65723
1458,65723
1459,65723
1455,65723
795,65723
1378,65723
179,65723
1450,65723
426,67ef8
427,67ef8
425,67ef8
4132,4fc62
4131,4fc62
4135,4fc62
4130,4fc62
5144,4fc62
5149,4fc62
5145,4fc62
5147,4fc62
5148,4fc62
5146,4fc62
4655,9d5a0
4744,9d5a0
5112,9d5a0
4169,9d5a0
7266,96b00
7277,96b00
5220,ae507
3904,ae507
3908,ae507
3906,ae507
3907,ae507
3905,ae507
5927,ef853
5928,ef853
5925,ef853
5926,ef853
5930,ef853
6003,0023c
6593,3770a
6716,3770a
6717,3770a
6062,2bca4
363,ff907
365,ff907
366,ff907
364,ff907
367,ff907
5117,defec
747,05c70
161,05c70
864,05c70
2339,2b11e
2340,2b11e
2341,2b11e
3702,91b2b
3703,91b2b
4256,91b2b
4257,91b2b
5954,a77d1
5953,a77d1
5950,a77d1
5951,a77d1
5955,a77d1
5518,bbb80
6065,bbb80
6066,bbb80
1663,d1706
1661,d1706
1662,d1706
6456,ff3e0
6330,ff3e0
6394,1dd2e
6393,1dd2e
6395,1dd2e
6575,1dd2e
6576,1dd2e
7093,75985
6480,75985
7150,75985
7151,75985
6481,75985
7153,75985
386,7d533
120,23bbc
6969,ed711
6354,ed711
6355,ed711
4029,222b0
4028,222b0
4027,222b0
877,2be8f
878,2be8f
237,2be8f
241,2be8f
2702,411c6
3478,411c6
3481,411c6
3479,411c6
4129,0b194
6243,69fc2
6242,69fc2
913,22cd4
667,22cd4
664,22cd4
595,22cd4
598,22cd4
600,22cd4
596,22cd4
38,22cd4
668,22cd4
41,22cd4
42,22cd4
40,22cd4
43,22cd4
666,22cd4
316,22cd4
665,22cd4
312,22cd4
315,22cd4
313,22cd4
314,22cd4
1569,22cd4
579,22cd4
5841,cfdb4
5806,cfdb4
6727,bb5e3
6725,bb5e3
6726,bb5e3
6728,bb5e3
6909,bb5e3
6906,bb5e3
6907,bb5e3
6908,bb5e3
6572,bb5e3
6571,bb5e3
6839,bb5e3
6840,bb5e3
6838,bb5e3
3522,08765
1898,08765
1841,08765
3523,08765
1262,f1622
1263,f1622
1793,69007
1795,69007
1754,69007
1794,69007
1791,69007
3670,35917
3669,35917
4047,35917
4048,35917
4050,35917
633,fa778
86,fa778
632,fa778
83,fa778
1730,e0ea2
6795,33767
4423,90681
4424,90681
4425,90681
4994,90681
4996,90681
4993,90681
4995,90681
4421,90681
4713,90681
7282,dc0f2
6677,dc0f2
7281,dc0f2
7280,dc0f2
6676,dc0f2
7283,dc0f2
4464,79878
4467,79878
4469,79878
4466,79878
4465,79878
4468,79878
4065,79878
4066,79878
4067,79878
4064,79878
2304,182c3
2303,182c3
2046,182c3
2180,182c3
2302,182c3
2010,a5ddb
2672,a5ddb
2423,a5ddb
2890,a5ddb
2144,a5ddb
2011,a5ddb
2891,a5ddb
2421,a5ddb
1706,a5ddb
2889,a5ddb
2012,a5ddb
2422,a5ddb
2888,a5ddb
1705,a5ddb
6541,95acd
5837,abbd9
5838,abbd9
5839,abbd9
6368,c82d0
6367,c82d0
2593,124a5
2594,124a5
6492,e6c7f
6493,e6c7f
7236,e6c7f
7028,e6c7f
7030,e6c7f
7029,e6c7f
7031,e6c7f
7268,e6c7f
317,4a39f
318,4a39f
20,4a39f
22,4a39f
18,4a39f
7088,67a64
2112,e4963
2628,e4963
2575,e4963
2113,e4963
2627,e4963
2114,e4963
2111,e4963
2283,f449d
2692,f449d
2694,f449d
2920,f449d
2286,f449d
3488,f449d
3026,f449d
3463,f449d
1876,f449d
1875,f449d
1892,f449d
3464,f449d
3027,f449d
2288,7c915
2610,7c915
2091,7c915
4767,820e6
4763,820e6
4766,820e6
4710,820e6
4764,820e6
4765,820e6
4709,820e6
4654,16f17
5179,16f17
4625,16f17
3930,16f17
3721,16f17
3722,16f17
4624,16f17
5180,16f17
3808,16f17
4623,16f17
4527,16f17
4561,b2758
4562,b2758
4563,b2758
4204,b2758
4207,b2758
4208,b2758
4206,b2758
3761,b2758
4205,b2758
6942,257a5
6940,257a5
6698,257a5
6877,257a5
4571,8c8e6
4570,8c8e6
4657,8c8e6
6610,e1a50
6910,66760
6984,66760
6982,66760
6913,66760
6911,66760
6524,66760
6519,66760
2475,8a293
2734,8a293
2735,8a293
2736,8a293
2474,8a293
2733,8a293
2732,8a293
185,6063b
489,6063b
563,6063b
493,6063b
362,6063b
361,6063b
490,6063b
565,6063b
1286,d1395
3960,bb9bf
3765,bb9bf
4933,bb9bf
4929,bb9bf
3959,bb9bf
4930,bb9bf
3958,bb9bf
3957,bb9bf
3955,bb9bf
3956,bb9bf
4934,bb9bf
4932,bb9bf
3767,bb9bf
3766,bb9bf
4785,bb9bf
4687,64fe6
4690,64fe6
1730,9e468
1731,9e468
2665,9e468
1729,9e468
2666,9e468
2669,9e468
3215,9e468
2070,d2401
2265,d2401
2261,d2401
2071,d2401
2069,d2401
2263,d2401
2264,d2401
2068,d2401
2375,8a94b
2374,8a94b
3613,8a94b
3611,8a94b
3612,8a94b
1379,3732a
1281,3732a
1279,3732a
797,3732a
796,3732a
1674,3732a
1464,3732a
1692,64456
1857,64456
3397,64456
3396,64456
7318,7ee61
383,e7469
4244,43ed6
4243,43ed6
4242,43ed6
4413,43ed6
3723,43ed6
3724,43ed6
3725,43ed6
1851,cf474
3320,cf474
3319,cf474
3062,cf474
3196,cf474
3063,cf474
1462,9cf36
4407,83d17
4405,83d17
4409,83d17
5885,a40a9
5884,a40a9
6678,67c2b
6681,67c2b
6679,67c2b
7071,67c2b
7073,67c2b
2943,f6799
2945,f6799
3151,f6799
2947,f6799
2946,f6799
2509,f6799
3197,f6799
5857,821fa
5855,821fa
5856,821fa
6119,65f0f
6118,65f0f
815,b76a0
6063,523f4
4209,87f98
4211,87f98
981,5e37a
1006,5e37a
1005,5e37a
982,5e37a
1085,5e37a
1559,5e37a
1560,5e37a
1086,5e37a
6344,80c25
4000,f2ba0
4005,f2ba0
4004,f2ba0
4001,f2ba0
5055,f2ba0
3891,f2ba0
3892,f2ba0
3895,f2ba0
5060,f2ba0
3894,f2ba0
3890,f2ba0
5058,f2ba0
5056,f2ba0
5059,f2ba0
5057,f2ba0
5215,f2ba0
5211,f2ba0
5212,f2ba0
5210,f2ba0
5213,f2ba0
5398,3b407
5399,3b407
5298,3b407
6782,63d9f
5913,76612
6301,76612
5914,76612
6299,76612
6083,76612
6082,76612
6302,76612
6300,76612
6081,76612
6304,76612
6084,76612
5848,76612
6086,76612
211,0936f
801,0936f
796,0936f
1844,97708
1842,97708
1843,97708
3289,bcc17
2412,bcc17
2347,bcc17
2606,bcc17
2605,bcc17
2607,bcc17
2197,bcc17
3167,bcc17
762,67f7d
764,67f7d
5744,9a62b
5747,9a62b
5959,9a62b
5746,9a62b
5960,9a62b
5957,9a62b
5956,9a62b
5172,6ce8e
5169,6ce8e
3918,6ce8e
3921,6ce8e
5171,6ce8e
5174,6ce8e
3917,6ce8e
2474,b9344
5467,15a87
5468,15a87
3659,0526c
2681,e4ad1
2680,e4ad1
2682,e4ad1
2392,e4ad1
2390,e4ad1
802,47bca
1120,47bca
803,47bca
4445,63fcf
4537,63fcf
4446,63fcf
4228,63fcf
6988,0ecf8
7216,0ecf8
124,75996
123,75996
496,75996
494,75996
499,75996
497,75996
2341,dd24f
2091,0afb8
2582,0afb8
3191,0afb8
3189,0afb8
3190,0afb8
2293,0afb8
2294,0afb8
2336,0afb8
2295,0afb8
2337,0afb8
2211,68b4c
2383,e02e8
2705,2a604
2325,2a604
2326,2a604
2703,2a604
2327,2a604
2758,2a604
2759,2a604
2756,2a604
2760,2a604
2755,2a604
2281,5f91f
2280,5f91f
3350,5f91f
3351,5f91f
2078,5f91f
1690,5f91f
3010,f7fbd
2731,f7fbd
2568,f7fbd
3011,f7fbd
2465,f7fbd
2466,f7fbd
2882,58b9d
2881,58b9d
3169,58b9d
3257,58b9d
2650,2950f
3053,2950f
3055,2950f
1941,8d083
4752,3d88c
3780,3d88c
4751,3d88c
5050,79c1d
5680,4af8d
6602,eccf9
7184,eccf9
7186,eccf9
6600,eccf9
6769,eccf9
6617,adfbc
6613,adfbc
329,9f61e
261,9f61e
1541,9f61e
258,9f61e
1119,9f61e
1540,9f61e
7032,68700
2481,a27e9
2482,a27e9
1853,a27e9
1852,a27e9
1854,a27e9
4250,d2a8e
4252,d2a8e
4253,d2a8e
4311,d2a8e
4308,d2a8e
4310,d2a8e
4309,d2a8e
2316,dcc46
2313,dcc46
2314,dcc46
2315,dcc46
2311,dcc46
2501,dcc46
1991,86352
1883,86352
6102,f09e3
6099,f09e3
6101,f09e3
5668,6f2d7
5670,6f2d7
3231,0e409
3232,0e409
3234,0e409
2805,0e409
2801,0e409
3236,7e165
6900,45128
4548,9e707
4547,9e707
3710,9e707
3708,9e707
4664,9e707
3709,9e707
6560,98306
6562,98306
6561,98306
6559,98306
6517,98306
6822,98306
3789,1e350
5119,1e350
5120,1e350
5121,1e350
3791,1e350
4358,1e350
3790,1e350
4357,1e350
1747,dcfc2
1183,ca70b
1184,ca70b
2900,9a85e
2901,9a85e
2418,9a85e
2419,9a85e
2415,9a85e
2417,9a85e
1760,ec8ae
2765,ec8ae
2766,ec8ae
2767,ec8ae
5428,e6f8f
5359,e6f8f
5358,e6f8f
6176,e6f8f
2174,dc0cf
1799,dc0cf
1800,dc0cf
3501,dc0cf
3502,dc0cf
5849,4680c
5850,4680c
5852,4680c
5851,4680c
87,be8e2
3041,01b8e
5875,1ed97
858,6d2be
455,6d2be
4081,b37c6
5157,b37c6
3332,b61d0
3333,b61d0
2451,a4b7d
2449,a4b7d
2452,a4b7d
2453,a4b7d
2454,a4b7d
2450,a4b7d
3222,23daa
91,7e392
2,7e392
3,7e392
6667,466f0
6964,466f0
6965,466f0
6670,466f0
6668,466f0
5906,a7aeb
5961,a7aeb
5962,a7aeb
5765,a7aeb
5442,a7aeb
5946,a7aeb
5947,a7aeb
5308,a7aeb
4533,8789a
4333,8789a
5232,8789a
4532,8789a
6151,36427
6155,36427
5451,36427
5749,36427
5748,36427
3869,c2a6e
3865,c2a6e
3870,c2a6e
3868,c2a6e
3866,c2a6e
143,32e31
1546,32e31
139,32e31
1545,32e31
905,32e31
140,32e31
141,32e31
1544,32e31
901,32e31
2209,e27f7
3593,e27f7
2893,e27f7
1881,e27f7
1384,bf37c
3280,52984
3282,52984
5803,ee343
5804,ee343
5675,ee343
5674,ee343
5673,ee343
2764,8b744
2763,8b744
3534,8b744
3533,8b744
4271,bd9a6
4723,bd9a6
3651,bd9a6
4270,bd9a6
4794,bd9a6
3650,bd9a6
4190,bd9a6
3649,bd9a6
5124,bd9a6
4797,bd9a6
4193,bd9a6
5126,bd9a6
4292,bd9a6
4293,bd9a6
4796,bd9a6
5125,bd9a6
3648,bd9a6
5646,68d16
820,80f76
821,80f76
2869,3a305
3386,3a305
3385,3a305
3384,3a305
2965,3a305
2788,3a305
2790,3a305
2787,3a305
2966,3a305
2786,3a305
2967,3a305
2789,3a305
6253,543f5
6087,543f5
6293,543f5
5267,543f5
5936,543f5
5268,543f5
6294,543f5
5937,543f5
6094,543f5
1600,0e156
1204,0e156
205,0e156
623,0e156
1601,0e156
1602,0e156
621,0e156
1501,0e156
2997,bc252
3454,bc252
3452,bc252
6774,15785
6775,15785
7023,15785
7022,15785
6541,17e25
6623,17e25
1121,b2eed
3992,8686b
4805,8686b
3991,8686b
4806,8686b
4807,8686b
3993,8686b
1879,e51df
1877,e51df
2133,e51df
2546,e51df
1983,e51df
1982,e51df
1981,e51df
2094,e51df
3662,b9454
4919,b9454
1575,1fc67
676,1fc67
3406,c385e
3585,c385e
3582,c385e
2049,c385e
6510,21999
6886,21999
6482,6d0aa
7273,6d0aa
6821,6d0aa
4774,676e8
4737,676e8
4273,676e8
4636,676e8
3241,edae7
3240,edae7
3242,edae7
3239,edae7
3243,edae7
5965,53bb3
5365,53bb3
5462,53bb3
5369,53bb3
5367,53bb3
5272,53bb3
5271,53bb3
5366,53bb3
5964,53bb3
1007,bc3c4
6653,78699
6827,78699
6506,78699
6505,78699
5526,2e09a
5525,2e09a
914,a28fe
243,a28fe
915,a28fe
602,394e8
604,394e8
1664,ee704
912,d93fc
663,d93fc
664,d93fc
1571,d93fc
641,d93fc
893,d93fc
1563,d93fc
894,d93fc
642,d93fc
580,d93fc
1567,d93fc
890,d93fc
640,d93fc
1572,d93fc
1489,d93fc
578,d93fc
1137,fe050
1138,fe050
1136,fe050
1232,fe050
1230,fe050
637,fe050
638,fe050
943,fe050
634,fe050
5554,ea1db
2323,e17b0
2216,e17b0
2269,e17b0
2214,e17b0
2271,e17b0
2270,e17b0
3601,6e1d5
3558,6e1d5
3559,6e1d5
3556,6e1d5
3557,6e1d5
2358,6e1d5
2359,6e1d5
1220,dff79
1222,dff79
1331,1c964
1329,1c964
6420,6b923
6418,6b923
6419,6b923
3699,28015
3698,28015
6692,f2f02
6529,f2f02
1993,9729e
1997,9729e
4286,ffb1b
5043,ffb1b
5042,ffb1b
2782,328e6
2785,328e6
3325,328e6
3326,328e6
3324,328e6
6486,740b4
1672,44c4c
1049,44c4c
6562,578ff
1730,70206
4607,a0597
3676,a0597
3643,a0597
3644,a0597
4174,a0597
5083,a0597
5082,a0597
5080,a0597
5079,a0597
3713,a0597
4265,a0597
4269,a0597
3943,0276d
3942,0276d
3939,0276d
4857,88fc4
3867,88fc4
1406,a3563
6377,0e2b9
6387,0e2b9
6689,0e2b9
5511,58bdd
5507,58bdd
5506,58bdd
5510,58bdd
5266,58bdd
5997,58bdd
302,8958d
301,8958d
303,8958d
5460,de05e
5458,de05e
6218,153e5
5279,153e5
1835,509e3
3355,509e3
3354,509e3
1834,509e3
3352,509e3
3353,509e3
1833,509e3
4823,2d821
4825,2d821
55,2326f
54,2326f
1291,2326f
1290,2326f
1292,2326f
562,2326f
559,2326f
561,2326f
1498,2326f
560,2326f
51,2326f
558,2326f
1496,2326f
1497,2326f
50,2326f
53,2326f
1500,2326f
2285,76a39
3489,76a39
2259,76a39
2921,76a39
3028,76a39
3026,76a39
1873,76a39
6823,b99ca
6824,b99ca
6946,b99ca
6944,b99ca
6945,b99ca
4503,2ce52
4504,2ce52
4501,2ce52
4247,2ce52
4502,2ce52
4249,2ce52
4493,2ce52
4494,2ce52
4246,2ce52
4248,2ce52
5161,2ce52
4332,2ce52
4331,2ce52
2164,60f3c
2964,60f3c
3184,60f3c
2072,60f3c
2963,60f3c
1781,60f3c
3416,60f3c
1782,60f3c
1780,60f3c
2260,60f3c
1783,60f3c
6142,80d30
6139,80d30
6138,80d30
6012,80d30
6013,80d30
5285,80d30
5283,80d30
3972,7f6dc
3794,7f6dc
3793,7f6dc
5364,76703
6178,76703
6193,76703
3436,d138d
1182,bbb98
1069,07237
1067,07237
1112,6aa48
1111,6aa48
2467,3d983
2536,3d983
2847,3d983
2537,3d983
2842,3d983
6753,72f17
7260,72f17
7258,72f17
4919,d3089
3837,d3089
4088,d3089
6614,a322e
6615,a322e
6616,a322e
232,98818
231,98818
528,98818
527,98818
6244,29a23
796,805e9
3947,66469
3950,66469
3948,66469
3951,66469
3583,d5126
3586,d5126
3403,d5126
3064,d5126
2049,d5126
2047,d5126
2048,d5126
1533,c404e
193,b3916
147,b3916
197,b3916
198,b3916
5895,5cbb8
5896,5cbb8
5894,5cbb8
5897,5cbb8
3746,de71b
6635,c6d1f
6968,c6d1f
3314,1c08c
3312,1c08c
3313,1c08c
3287,1c08c
2362,1c08c
2361,1c08c
5631,27435
5672,27435
1355,e139e
1353,e139e
23,8ac1d
24,8ac1d
5234,167fc
5235,167fc
4892,167fc
4127,167fc
4893,167fc
5258,43df5
4530,43df5
5152,cf609
4218,cf609
4219,cf609
4220,cf609
4982,cf609
4978,cf609
4979,cf609
4983,cf609
4981,cf609
4306,cf609
266,6fdd3
265,6fdd3
610,6fdd3
609,6fdd3
608,6fdd3
605,6fdd3
6211,5316d
6212,5316d
5798,5316d
6198,5316d
2157,1991a
5569,08740
5571,08740
5568,08740
5530,08740
6627,3d6fa
7024,3d6fa
6671,cf76d
5158,818fd
4083,818fd
4084,818fd
4085,818fd
4082,818fd
4916,818fd
4164,818fd
4163,818fd
4914,818fd
4546,818fd
4166,818fd
4162,818fd
4545,818fd
4543,818fd
5614,4e421
5501,ffe05
5502,ffe05
6255,ffe05
6254,ffe05
1984,153c8
3347,153c8
3346,153c8
3345,153c8
2952,153c8
5091,41c19
5093,41c19
5090,41c19
4567,41c19
5094,41c19
4565,41c19
5095,41c19
4568,41c19
4564,41c19
4251,41c19
5513,122bc
707,13ecf
705,13ecf
703,13ecf
4299,9c0d8
4942,9c0d8
4941,9c0d8
4368,9c0d8
4301,9c0d8
4608,9c0d8
5151,9c0d8
4658,9c0d8
5038,9c0d8
4661,9c0d8
4663,9c0d8
4659,9c0d8
4660,9c0d8
5039,9c0d8
5037,9c0d8
4307,9c0d8
4198,47996
4196,47996
4195,47996
4650,47996
3971,47996
4652,47996
4864,47996
4865,47996
4170,47996
3845,47996
5344,ca2ba
6205,ca2ba
5975,ca2ba
5978,ca2ba
5974,ca2ba
5977,ca2ba
5346,ca2ba
6206,ca2ba
5345,ca2ba
6207,ca2ba
6338,af7a5
6337,af7a5
6336,af7a5
5163,44f9d
5164,44f9d
1585,3f90d
966,3f90d
87,92262
1451,92262
2253,9d9bc
2296,9d9bc
2248,9d9bc
2252,9d9bc
2251,9d9bc
2493,9d9bc
1869,9d9bc
3495,9d9bc
1868,9d9bc
259,e7435
794,e7435
1209,c6caf
1376,78508
1375,78508
5309,114ef
6437,80daf
6094,55d4c
6095,55d4c
6060,55d4c
6642,001c1
6532,001c1
6641,001c1
6640,001c1
2487,ef79d
2490,ef79d
2489,ef79d
2491,ef79d
3269,ef79d
2357,ef79d
2554,ef79d
3268,ef79d
3266,ef79d
2553,ef79d
2970,ef79d
2989,fefa0
2990,fefa0
2875,fefa0
3545,fefa0
3546,fefa0
3547,fefa0
3548,fefa0
3544,fefa0
3549,fefa0
1823,fefa0
2677,fefa0
3535,fefa0
3536,fefa0
1809,fefa0
2350,fefa0
1824,fefa0
1321,2cbfd
1319,2cbfd
1690,c7bdc
2078,c7bdc
5318,a45bf
5886,a45bf
5889,a45bf
5888,a45bf
2738,b4167
2196,b4167
2492,85fa8
2282,85fa8
2281,85fa8
3516,4d400
3517,4d400
2686,98bd0
2685,98bd0
192,98f1d
1071,98f1d
1070,98f1d
1175,98f1d
57,98f1d
1034,98f1d
1033,98f1d
1176,98f1d
1432,98f1d
983,98f1d
1433,98f1d
5931,7aff7
2797,34624
2200,34624
2471,34624
3596,34624
2472,34624
2470,34624
2201,34624
2199,34624
2839,9f786
1736,9f786
3494,9f786
1083,b26a9
1084,b26a9
1081,b26a9
1080,b26a9
1082,b26a9
800,d4e7c
3719,fd33a
3718,fd33a
5089,7ee90
5088,7ee90
5087,7ee90
5085,7ee90
5084,7ee90
2267,98949
2836,98949
3491,98949
2972,98949
2837,98949
3024,98949
3025,98949
2268,98949
3023,98949
3261,98949
3259,98949
3258,98949
3021,98949
3022,98949
3525,98949
3524,98949
3526,98949
6948,a8211
6446,a8211
6443,a8211
6445,a8211
6444,a8211
5567,7223e
5566,7223e
6609,f74f8
6441,f74f8
6661,f74f8
6440,f74f8
5019,d6f16
5023,d6f16
5022,d6f16
5021,d6f16
5717,1e12f
6276,1e12f
6275,1e12f
5721,1e12f
5723,1e12f
5722,1e12f
5719,1e12f
1608,b1290
1607,b1290
3945,ba2fa
1190,ab45d
1024,ab45d
1191,ab45d
74,ab45d
76,ab45d
75,ab45d
73,ab45d
78,ab45d
77,ab45d
1390,ab45d
1388,ab45d
1392,ab45d
3316,2cfd4
2591,2cfd4
2590,2cfd4
2592,2cfd4
3830,638b4
3831,638b4
3833,638b4
3834,638b4
4015,638b4
4017,638b4
3777,638b4
4016,638b4
4511,638b4
4510,638b4
4513,638b4
3776,638b4
3775,638b4
3778,638b4
3779,638b4
1880,f5584
2917,f5584
2430,df951
3075,df951
2431,df951
3072,df951
3073,df951
2429,df951
3438,df951
3437,df951
3439,df951
6070,b81ee
6071,b81ee
6117,d838c
5905,d838c
7187,3f492
7188,3f492
6174,85a6a
6175,85a6a
5614,85a6a
5520,85a6a
5523,85a6a
5522,85a6a
6044,85a6a
6041,85a6a
5521,85a6a
6043,85a6a
6040,85a6a
6042,85a6a
6045,85a6a
6475,26c69
6472,26c69
5730,1b77e
5731,1b77e
5732,1b77e
5716,1b77e
5729,1b77e
6125,1b77e
6177,1b77e
5629,1b77e
5630,1b77e
5709,1b77e
6166,1b77e
5715,1b77e
5628,1b77e
6167,1b77e
6204,1b77e
6203,1b77e
5277,1b77e
5276,1b77e
7242,0757c
6564,0757c
6565,0757c
522,ff339
524,ff339
523,ff339
423,ff339
2548,92cbb
3060,92cbb
2075,92cbb
2550,92cbb
1819,92cbb
1818,92cbb
2876,92cbb
2877,92cbb
2384,289b9
1287,195f2
5992,26519
5989,26519
5990,26519
5991,26519
1249,2b5d5
623,2b5d5
1939,1e0ac
1722,1e0ac
1721,1e0ac
1723,1e0ac
1720,1e0ac
3237,1e0ac
3238,1e0ac
1719,1e0ac
4901,bb24e
4748,bb24e
4902,bb24e
4703,bb24e
4128,bb24e
5228,bb24e
4702,bb24e
4876,bb24e
4875,bb24e
4968,bb24e
4970,bb24e
4646,bb24e
4647,bb24e
4969,bb24e
4739,925d3
3980,925d3
4215,925d3
4213,925d3
4217,925d3
4216,925d3
4214,925d3
4740,925d3
3646,925d3
4727,925d3
4296,925d3
4728,925d3
4191,925d3
4726,925d3
4294,925d3
4295,925d3
4725,925d3
4793,925d3
4194,925d3
4297,925d3
3647,925d3
4192,925d3
3651,925d3
4270,925d3
4271,925d3
6089,b2361
5349,b2361
5350,b2361
5725,b2361
5728,b2361
5351,b2361
5726,b2361
5727,b2361
5606,b2361
3763,83398
4113,83398
4114,83398
3764,83398
4515,83398
4742,83398
7331,0a729
7328,0a729
7298,0a729
1975,a7526
1973,a7526
1978,a7526
1977,a7526
1974,a7526
3168,a7526
3854,bd26a
3853,bd26a
3852,bd26a
3655,bd26a
4753,bd26a
6518,e4409
6629,e4409
6628,e4409
6632,e4409
6631,e4409
6633,e4409
3567,3d2a6
3568,3d2a6
7308,f410b
903,e4fcb
906,e4fcb
902,e4fcb
1386,e4fcb
1387,e4fcb
1452,e4fcb
1451,e4fcb
2447,2c032
3202,2c032
7190,ac198
6794,0593f
5388,bdfad
5387,bdfad
932,bb79d
933,bb79d
929,bb79d
931,bb79d
5736,80cdc
5735,80cdc
3434,110b2
3435,110b2
6502,15b7b
6504,15b7b
7308,15b7b
5142,4e6d5
5256,4e6d5
5251,4e6d5
5252,4e6d5
5255,4e6d5
6061,dc19d
4449,3d3cd
997,b3d00
998,b3d00
996,b3d00
999,b3d00
994,b3d00
995,b3d00
203,b3d00
204,b3d00
202,b3d00
201,b3d00
2748,583c4
3623,583c4
2408,583c4
3625,583c4
2749,583c4
2279,583c4
3181,583c4
2409,583c4
4819,a02c6
6808,0724d
2236,ffdbf
3050,ffdbf
2600,ffdbf
3051,ffdbf
2601,ffdbf
3057,8c459
2170,8c459
2864,8c459
2171,8c459
3490,8c459
5942,b938c
526,ba00d
525,ba00d
1611,ba00d
735,ba00d
103,ba00d
1613,ba00d
1361,ba00d
1614,ba00d
102,ba00d
1360,ba00d
1256,ba00d
1610,ba00d
1260,ba00d
1259,ba00d
736,ba00d
1311,ba00d
1261,ba00d
1639,ba00d
1358,ba00d
1359,ba00d
101,ba00d
106,ba00d
1357,ba00d
1257,ba00d
1313,ba00d
1308,ba00d
1677,ba00d
1679,ba00d
23,ba00d
1258,ba00d
1680,ba00d
24,ba00d
810,b8ae7
809,b8ae7
5471,dda9d
4597,2db21
4600,2db21
4595,2db21
4596,2db21
4598,2db21
3472,42989
2153,c3052
2156,c3052
3418,c3052
2230,a7d2d
3090,a7d2d
3092,a7d2d
1589,7dbd2
780,7dbd2
1102,7dbd2
1100,7dbd2
779,7dbd2
354,8fcb8
3106,ead3b
3107,ead3b
1905,ead3b
2950,ead3b
3038,ead3b
3037,ead3b
3105,ead3b
3039,ead3b
1906,ead3b
4846,45f02
3977,45f02
5028,45f02
5203,45f02
4074,45f02
5204,45f02
4076,45f02
5205,45f02
4075,45f02
4320,45f02
4319,45f02
4318,45f02
1068,77ee0
1066,77ee0
1069,77ee0
1067,77ee0
1008,8cb55
768,8cb55
1317,8cb55
3102,ac486
3104,ac486
3012,ac486
1734,ac486
3013,ac486
3096,ac486
2517,ac486
3176,ac486
2516,ac486
3097,ac486
1753,a7019
1694,a7019
1924,67f81
3429,67f81
1922,67f81
3427,67f81
3431,67f81
1923,67f81
1827,67f81
3430,67f81
3428,67f81
3142,67f81
3145,67f81
3141,67f81
3143,67f81
3144,67f81
2060,67f81
3380,67f81
2638,67f81
3381,67f81
4221,516f8
4223,516f8
4224,516f8
4222,516f8
4677,516f8
3828,516f8
3827,516f8
3829,516f8
5480,b8afb
2446,e3ad4
3055,3ab12
792,83a33
1382,83a33
1057,83a33
1384,83a33
790,83a33
926,83a33
793,83a33
1058,83a33
1383,83a33
1385,83a33
789,83a33
923,83a33
924,83a33
791,83a33
5407,6199c
6309,6c81d
6311,6c81d
6314,6c81d
6310,6c81d
3483,1ebeb
4044,586a2
4964,65812
4963,65812
4966,65812
19,4a39f
21,4a39f
5940,87044
5909,87044
6343,a0bfa
4240,43ed6
5538,35c37
5801,35c37
5828,35c37
4002,f2ba0
4003,f2ba0
3893,f2ba0
5214,f2ba0
660,4b12e
841,4b12e
1339,4b12e
845,4b12e
842,4b12e
3909,ae507
5329,90471
6501,f410b
4313,eaec7
3817,eaec7
4452,eaec7
4454,eaec7
4457,eaec7
2488,ef79d
3267,ef79d
6327,57ee6
7312,57ee6
6540,c5959
3944,02248
5186,02248
7299,0a729
7329,0a729
7330,0a729
2852,455fd
2345,455fd
1896,9d421
1895,9d421
2278,9d421
5636,8cd0a
1330,1c964
2639,260a3
3095,260a3
1700,260a3
6427,28f66
6200,5316d
5106,b755f
4855,b755f
4200,b755f
5005,b755f
5143,4e6d5
5253,4e6d5
5254,4e6d5
4365,e93b9
4505,2ce52
3969,2ce52
3968,2ce52
5160,2ce52
4599,2db21
4118,3e35b
4121,3e35b
4116,3e35b
4326,3e35b
4117,3e35b
4325,3e35b
4947,3e35b
4943,3e35b
7126,00720
6648,00720
6643,00720
7061,00720
6646,00720
1202,17d1f
505,17d1f
296,17d1f
1485,17d1f
274,17d1f
2126,5c7d6
6706,9a3b9
4478,219c9
4612,219c9
4708,219c9
4706,219c9
4705,219c9
4442,219c9
4707,219c9
4440,219c9
2258,29109
2213,29109
2962,e2244
6182,215e8
6247,215e8
6250,215e8
5532,215e8
1412,9178f
5061,0526c
401,d4e7c
492,d19db
2232,ffdbf
2235,ffdbf
2999,bc252
2998,bc252
3456,bc252
3451,bc252
6866,38b29
6812,7a829
6811,7a829
402,72431
849,0cb9f
4391,222b0
4392,222b0
4394,222b0
7158,f0696
6820,f0696
6958,f0696
3881,7a1b6
2372,de780
2369,de780
2370,de780
2371,de780
3276,892a1
2982,892a1
3602,892a1
208,d3eac
7144,44c21
7142,44c21
7160,44c21
7159,44c21
7247,44c21
3665,afec9
3752,afec9
4633,afec9
812,315dc
2862,0c47a
5705,cec8e
6943,b99ca
3738,43df5
4403,43df5
424,ff339
521,ff339
520,ff339
2494,35e18
3610,32407
6241,29a23
2396,baaec
5105,e6dad
6662,853de
6664,853de
6665,853de
6905,bb5e3
6573,bb5e3
483,2e97b
482,2e97b
1629,2e97b
911,9324a
1597,33d57
1036,33d57
1133,33d57
989,33d57
650,33d57
651,33d57
652,33d57
1352,33d57
1422,33d57
1420,33d57
1245,d6b27
1591,d6b27
575,d6b27
3707,ffde0
5676,ee343
4931,bb9bf
6979,8a219
2867,8c459
675,516a0
1235,516a0
3584,d5126
5086,7ee90
939,b54cc
1570,7a5bc
1370,7a5bc
850,7a5bc
1371,7a5bc
1368,7a5bc
1233,fe050
1231,fe050
635,fe050
639,fe050
636,fe050
6992,61c22
6993,61c22
6591,61c22
6789,cb0f5
6860,cb0f5
6876,cb0f5
6787,cb0f5
6581,cb0f5
6701,cb0f5
6878,cb0f5
6359,cb0f5
6358,cb0f5
6534,cb0f5
6737,cb0f5
6539,cb0f5
6732,cb0f5
7319,cb0f5
5473,90a19
7120,2ae96
1354,e139e
6690,9b71d
6691,9b71d
4148,75777
3521,08765
7210,a4023
7211,a4023
7207,a4023
5201,9fe8a
4141,9fe8a
5197,9fe8a
5198,9fe8a
4139,9fe8a
7166,ec37f
1056,0a664
1055,0a664
770,0a664
769,0a664
79,0a664
1010,0a664
1318,0a664
767,0a664
2851,7c915
4422,90681
4997,90681
4426,90681
4714,90681
1505,ae676
1504,ae676
1352,ae676
306,ae676
389,ae676
387,ae676
687,ae676
1090,ae676
1584,ae676
1420,ae676
1396,ae676
1398,ae676
1092,ae676
69,ae676
67,ae676
68,ae676
7201,04e52
7288,04e52
7292,04e52
7287,04e52
4457,6e3d6
6490,e7fd9
5496,ad4ed
5411,ad4ed
2413,bcc17
5898,faa27
5900,faa27
5899,faa27
5901,faa27
5321,4f036
6949,c391d
2651,0a1d5
335,67727
1206,ff907
4770,f2982
4768,f2982
4769,f2982
4496,c19b5
2504,ff131
1562,51cb0
973,51cb0
212,51cb0
873,51cb0
7041,2317b
63,6c5bf
64,6c5bf
355,6c5bf
187,6c5bf
280,6c5bf
189,6c5bf
282,6c5bf
3382,2d9da
1945,2d9da
6751,72f17
6500,72f17
7261,72f17
7069,72f17
7070,72f17
6439,72f17
6438,72f17
6210,70187
5694,70187
6209,70187
3630,bb0fb
3634,bb0fb
5488,48a0f
5785,48a0f
5482,6fb0c
5479,6fb0c
191,98096
250,a16a8
2074,079de
3061,079de
2547,079de
3121,079de
2551,079de
2991,079de
2225,d5941
3417,60f3c
1784,60f3c
1779,60f3c
3183,60f3c
44,72251
3272,35cb6
2087,35cb6
1165,0644d
3201,ca464
2476,ca464
4792,7266a
6241,69fc2
2541,85252
6315,38c95
6379,38c95
4697,711a4
4696,711a4
4006,711a4
469,1d6e9
4415,72a8f
5175,72a8f
2949,2d221
2883,2d221
6424,58bbf
7252,13cab
7251,13cab
146,b3916
196,b3916
148,b3916
6295,175f5
5321,f6732
7271,cdfb5
6085,76612
6303,76612
5846,76612
5847,76612
5301,74a6a
6634,c6d1f
1186,04867
1189,04867
273,04867
1142,04867
1140,04867
222,04867
220,04867
221,04867
219,04867
959,04867
1336,04867
1334,04867
377,d9150
2873,5bca8
1999,9300d
2564,7a99e
6845,603ac
6675,603ac
6047,14489
4909,a0597
4606,a0597
4836,a0597
4837,a0597
3679,a0597
4540,a0597
3678,a0597
3677,a0597
4541,a0597
4539,a0597
3645,a0597
4542,a0597
4173,a0597
4172,a0597
3711,a0597
5081,a0597
3712,a0597
4268,a0597
4266,a0597
5264,e9d37
4928,e9d37
3975,e9d37
5724,1e12f
5924,1e12f
5718,1e12f
3690,61e73
65,f1622
5676,0677a
5883,0677a
5881,0677a
2235,1d732
1828,1d732
3049,1d732
2233,1d732
2284,f449d
1874,f449d
3462,f449d
6435,a0d77
6434,a0d77
6923,a0d77
6922,a0d77
660,e920e
5257,d42cf
3738,d42cf
6954,81228
6924,6dc18
7016,6dc18
7017,6dc18
2830,3481c
2510,3481c
2515,3481c
3079,3481c
606,6fdd3
267,6fdd3
607,6fdd3
3475,9c09a
1768,9c09a
1752,a7019
4197,47996
4651,47996
4171,47996
4822,47996
3801,47996
1755,ac8df
2063,fbe98
5860,6345c
5952,6345c
4069,9656f
4071,9656f
4070,9656f
340,298d4
4049,35917
6754,904ea
6739,904ea
7259,904ea
7069,904ea
7070,904ea
3103,ac486
1735,ac486
3177,ac486
2825,86a15
2306,86a15
742,fed06
947,797fa
946,797fa
949,797fa
1237,797fa
6721,27ed8
6718,27ed8
7100,27ed8
1203,0e156
1205,0e156
620,0e156
622,0e156
1280,3732a
4899,b3545
4897,b3545
4686,b3545
4689,b3545
4044,2d2a5
4042,2d2a5
1882,e27f7
6058,496c3
3295,50bea
2884,ec3d8
2887,ec3d8
1816,ec3d8
2745,ec3d8
2742,ec3d8
2744,ec3d8
2886,ec3d8
2520,ec3d8
3279,124a5
3297,c23d9
2647,c23d9
2757,2a604
2704,2a604
3944,ba2fa
3506,78eaa
5073,fb753
6825,a8607
930,bb79d
3914,18617
5196,18617
4058,c623b
4321,c623b
5461,2f646
4371,2d821
4372,2d821
6899,45128
5605,2d6ad
252,d0f88
716,394e8
2120,a9028
1798,dc0cf
3700,28015
3697,28015
4927,28015
6605,2c869
6651,2c869
6652,2c869
1254,b2eed
4137,99fcf
4349,99fcf
4350,99fcf
4346,99fcf
5585,713c3
5666,713c3
277,398fa
1989,312bb
3656,bd26a
6141,80d30
6137,80d30
6140,80d30
2163,5c339
2081,5c339
1434,e38e6
1438,e38e6
11,e38e6
6100,f09e3
217,c9a6e
1174,c9a6e
1173,c9a6e
2255,4999f
3091,a7d2d
3093,a7d2d
2231,a7d2d
1192,ab45d
1023,ab45d
1022,ab45d
1389,ab45d
1391,ab45d
1623,e2a6f
262,8e057
743,8e057
741,8e057
742,8e057
1574,8a35c
414,f21b3
1525,f21b3
3496,ffa37
3498,ffa37
2623,ffa37
2140,ffa37
2577,ffa37
2620,ffa37
2619,ffa37
2622,ffa37
3137,ffa37
2580,ffa37
1771,ffa37
3136,ffa37
3684,6bbab
5165,6bbab
7039,0c691
6411,0c691
7038,0c691
6596,0c691
6597,0c691
5638,36a96
823,02160
1581,02160
168,a28fe
882,a28fe
6584,c474b
1265,195f2
6483,6d0aa
6484,6d0aa
4155,9f1f1
4150,9f1f1
4154,9f1f1
715,a419f
603,a419f
714,a419f
2851,0afb8
2581,0afb8
7313,6ac8d
7057,6ac8d
3044,b27b5
3040,b27b5
3383,b27b5
6491,e6c7f
7237,e6c7f
7267,e6c7f
2865,bf920
1534,387e3
5625,87857
5623,87857
5622,87857
6100,87857
6498,64200
6499,64200
7279,63462
6749,63462
7293,63462
5390,4b5f6
5389,4b5f6
4145,b0b5e
4760,73d63
1534,2f682
732,2f682
160,2f682
881,2f682
5590,54d66
1280,65723
1377,65723
408,65723
404,65723
1447,65723
405,65723
182,65723
180,65723
5929,ef853
1630,7eb3a
1155,7eb3a
1172,a846e
5363,76703
6192,76703
925,83a33
1059,83a33
904,32e31
1543,32e31
6267,e5a9c
169,86e43
618,86e43
4734,d4ca1
4736,d4ca1
4733,d4ca1
4735,d4ca1
6793,0593f
6421,6b923
584,76c43
744,cb0c7
5505,e19da
6226,ee694
5605,d2579
4921,07eb9
4920,07eb9
5063,70b20
4143,ccd25
2391,e4ad1
3221,23daa
226,90551
721,90551
4862,2f797
5068,2f797
1453,e4fcb
5636,45e81
6052,7646f
6053,7646f
5546,7646f
3256,65624
6187,1d696
4438,44d2c
4437,44d2c
776,319d4
377,319d4
52,2326f
1499,2326f
557,2326f
2960,aa98f
5557,dc19d
819,f040d
1347,f040d
590,f040d
593,f040d
7229,44d65
7218,44d65
6318,44d65
6316,44d65
6688,9668f
6685,9668f
6686,9668f
3788,1e350
4038,53839
4682,53839
4601,53839
4602,53839
4125,53839
4126,53839
897,e5505
6767,f8a2a
6414,f8a2a
2542,45a93
3499,3c60d
3413,3c60d
648,14664
2737,8a293
1333,63eda
166,63eda
6126,1b77e
2360,6e1d5
7065,2b411
7068,2b411
7066,2b411
6903,2b411
4272,925d3
4795,925d3
5127,925d3
4724,925d3
3485,ebcb7
2382,ebcb7
3379,ebcb7
6533,001c1
888,ddf64
3759,b2758
3758,b2758
3760,b2758
6601,eccf9
6509,eccf9
7182,eccf9
7181,eccf9
6508,eccf9
6766,eccf9
7307,fbf24
3660,b9454
4089,b9454
5115,499be
4824,38b06
5092,41c19
4569,41c19
4566,41c19
6189,02f8a
5027,45f02
4845,45f02
5616,49077
5619,49077
2661,8134b
2696,d111c
2152,d111c
2151,d111c
2698,d111c
6154,36427
3563,a87cb
2631,a87cb
3809,16f17
4529,16f17
4236,a7c76
5182,a7c76
4799,a7c76
3590,5eeba
2207,5eeba
5690,fc4f7
2169,436e1
3366,436e1
2165,436e1
4359,3246c
4580,3246c
5805,cdcc9
5240,00c23
5828,cae52
4462,82a68
1828,86352
1885,86352
1884,86352
431,864a6
146,864a6
5610,b1f68
5304,3484d
5813,3484d
4230,e0965
1315,6cffd
4749,bb24e
4704,bb24e
4648,bb24e
7005,b8038
6195,586a4
4020,5c206
4845,5c206
2951,7478e
7054,79a1b
7316,79a1b
7313,79a1b
7314,79a1b
7055,79a1b
3835,638b4
4018,638b4
4512,638b4
3774,638b4
457,11923
460,11923
6695,a8211
6442,a8211
6703,a8211
6704,a8211
4759,03bcc
3931,aea53
4821,aea53
1265,9dc08
5759,47685
5764,47685
6058,47685
6105,47685
3605,d4a9c
2556,d4a9c
2414,64456
1858,64456
1856,64456
3398,64456
3949,66469
3846,e91d6
4905,e91d6
729,bb902
1177,bb902
5236,167fc
6224,4b47f
6219,4b47f
5686,4b47f
5684,4b47f
885,a7ceb
884,a7ceb
886,a7ceb
848,a7ceb
1542,02694
1327,02694
928,02694
1517,02694
6378,0e2b9
6926,0e2b9
6925,0e2b9
1987,51c8a
5001,abe87
6120,2095e
7079,4ab85
7114,4ab85
1808,cb899
2954,153c8
1985,153c8
2953,153c8
3998,17fc9
6996,e4409
3720,fd33a
1960,103c1
628,a28bd
4374,32c84
3855,32c84
4959,32c84
4961,32c84
2743,f28f8
5159,818fd
4720,818fd
4718,818fd
4719,818fd
4915,818fd
4917,818fd
4161,818fd
4165,818fd
4544,818fd
1307,22a07
6148,23a34
7204,655d6
7118,655d6
7205,655d6
7325,655d6
7102,655d6
5750,08448
5452,08448
2067,d2401
2262,d2401
1691,5f91f
2079,5f91f
448,44c4c
6453,342a6
6452,342a6
6850,342a6
6454,342a6
4260,3f8a4
4261,3f8a4
4259,3f8a4
2287,110b2
3291,110b2
2289,110b2
2483,a27e9
2484,a27e9
5184,7f6dc
3990,7f6dc
3792,7f6dc
4868,3d3cd
5150,cf609
4980,cf609
2726,b7d5c
2725,b7d5c
3118,fefa0
2110,fefa0
3119,fefa0
5933,3ecbc
5935,3ecbc
2969,c0b93
6270,e7a52
6557,89ffb
4011,d754d
3224,fcf2b
1826,67f81
2061,67f81
2244,98d1c
4811,91898
7333,943d3
6587,943d3
501,69a91
6697,0ce86
6695,0ce86
6842,0ce86
7118,0ce86
5219,8c8f4
5218,8c8f4
1949,87d6d
3084,87d6d
3368,87d6d
5976,ca2ba
5681,ca2ba
4367,9c0d8
4370,9c0d8
4366,9c0d8
4369,9c0d8
4303,9c0d8
4302,9c0d8
3862,9c0d8
3861,9c0d8
4609,9c0d8
4662,9c0d8
3570,06d05
4575,bd726
4572,bd726
4574,bd726
5176,d6606
4817,d6606
1265,ec48b
616,ec48b
617,ec48b
3871,cf193
3872,cf193
5096,cf193
5098,cf193
5099,cf193
5097,cf193
2879,ca1d4
836,6a238
479,bf4fd
814,bf4fd
813,bf4fd
678,bf4fd
1314,bf4fd
48,18b22
29,18b22
26,18b22
236,3ce6b
866,3ce6b
6608,85df3
2448,f6799
2944,f6799
2942,f6799
3198,f6799
4900,6de7b
5459,200d3
1904,ead3b
5360,2991b
6007,2991b
5395,2991b
6050,2991b
6169,d9a20
3983,1cf43
5793,a69a6
5613,4e421
5412,36e33
7109,d15bf
4935,87e27
4936,87e27
759,28852
758,28852
4907,23e86
1766,89d15
1761,89d15
5401,393fe
5472,393fe
597,22cd4
599,22cd4
39,22cd4
94,e0063
2399,324e6
2545,324e6
2905,324e6
6563,98306
816,b76a0
5564,2f1a8
5707,2f1a8
5600,2f1a8
5601,2f1a8
5793,2f1a8
4715,543cc
4428,543cc
4328,543cc
4389,0a76e
4390,0a76e
4418,0a76e
882,d93fc
883,d93fc
341,d93fc
1564,d93fc
5632,cf26e
6457,d1214
4878,84de1
985,4590f
272,4590f
6356,ed711
6485,ed711
4538,63fcf
4229,63fcf
4840,63fcf
4841,63fcf
1773,8c0cc
4761,820e6
1557,66c64
1553,66c64
25,8ac1d
5705,6f2d7
1227,7dbd2
1101,7dbd2
6884,0b41f
6115,d4889
5408,4a13e
5297,4a13e
95,cb0e1
6760,e64d8
6064,8e74e
5441,8e74e
3101,a1d3d
5170,6ce8e
5173,6ce8e
3622,eb7bf
5648,e3165
5649,e3165
5289,e3165
5290,e3165
5288,e3165
286,98f1d
287,98f1d
1032,98f1d
7257,63d9f
1252,0e8f8
1345,0e8f8
7005,128f8
7134,128f8
7135,128f8
7138,128f8
6848,128f8
6817,128f8
2018,005fe
2132,e51df
1803,4463a
3614,4463a
3615,4463a
3616,4463a
1825,4463a
2349,4463a
3219,4463a
2330,4463a
1821,4463a
1168,232fc
332,232fc
5666,b6a19
2334,440bb
1836,440bb
1837,440bb
4644,10d6f
6742,7bd71
6477,7bd71
6871,7bd71
6874,7bd71
6603,7bd71
6929,7bd71
6927,7bd71
6930,7bd71
2974,84cba
3773,d354e
3729,d354e
3726,d354e
2939,cb0e7
3311,cb0e7
2655,cb0e7
2654,cb0e7
2042,cb0e7
4483,43395
891,0b89a
892,0b89a
6863,26742
6542,26742
5821,db2b7
5296,db2b7
5508,58bdd
5509,58bdd
5995,58bdd
2834,e2334
7046,8822c
1704,487cc
1702,487cc
4329,8aa05
6891,7fecf
6373,7fecf
6371,7fecf
6939,257a5
6880,257a5
541,e84a7
6836,e6bb3
7059,e6bb3
6644,e6bb3
1276,3f90d
6776,15785
6756,15785
6755,15785
7020,15785
7019,15785
7021,15785
7018,15785
6577,80daf
6315,3111b
311,45c85
238,45c85
916,45c85
5737,80cdc
495,16dd2
547,16dd2
2353,3406c
2013,a5ddb
2675,a5ddb
2424,a5ddb
2673,a5ddb
6352,5a203
7146,dc0f2
7147,dc0f2
2868,61ad4
7301,545fb
5416,572ed
2312,dcc46
6264,0d0b9
5703,0d0b9
6259,0d0b9
2121,7f0c5
5832,0b1c5
5343,0b1c5
6269,0b1c5
6266,0b1c5
5341,0b1c5
5830,0b1c5
5833,0b1c5
5342,0b1c5
6267,0b1c5
7231,4a239
7234,4a239
2533,882f6
7274,b7609
7011,b7609
6525,b7609
6527,b7609
7013,b7609
4695,f172f
4772,f172f
260,e7435
6854,df50a
6892,df50a
6853,df50a
7263,d2823
7163,d2823
7264,d2823
6449,d2823
4060,763b0
4061,763b0
4590,a8770
4589,a8770
6805,3ee29
6507,3ee29
1221,dff79
2158,c35b8
2020,c35b8
6432,ff450
6431,ff450
6430,ff450
829,4fda6
475,4fda6
1051,4fda6
832,4fda6
1214,4fda6
6307,3d1fd
6388,3d1fd
6391,3d1fd
6800,3d1fd
6479,3d1fd
6744,3d1fd
6745,3d1fd
6747,3d1fd
6970,61438
2928,ced82
2926,ced82
6285,d2ed0
6673,1f6f4
7049,1f6f4
6404,1f6f4
7149,75985
7152,75985
2857,2bc73
3527,2bc73
2377,2bc73
2376,2bc73
5105,80708
5972,9a7a6
5131,5f949
6501,15b7b
6503,15b7b
2711,048eb
2708,048eb
2879,048eb
3074,df951
3071,df951
321,63cad
209,63cad
1297,63cad
208,63cad
2596,9c7d2
2816,9c7d2
2274,9c7d2
1915,9c7d2
3598,19193
3251,19193
2614,19193
1895,d13c0
7193,ac198
7191,ac198
7315,ac198
6918,2f15b
6612,e1a50
7034,e1a50
6710,e1a50
6611,e1a50
7197,a70b8
2332,927cf
2656,927cf
1395,72bca
428,67ef8
3187,55e74
6217,591da
724,84a94
345,84a94
5368,53bb3
3497,9d9bc
3496,9d9bc
3498,9d9bc
5923,f8256
5840,f8256
2762,7e527
2588,7e527
2097,7e527
236,98818
3235,0e409
3233,0e409
2883,6fff5
1786,6fff5
2912,6fff5
3405,3e434
2032,5ffd2
3600,5ffd2
857,6d2be
1167,6d2be
7087,cee90
7091,cee90
4136,9fb1b
291,1d088
546,1d088
289,1d088
151,1d088
847,1d088
2485,cbce5
2979,cbce5
5018,d6f16
5196,09768
6626,3d6fa
285,1d374
283,1d374
806,1d374
1098,1d374
787,1d374
129,1d374
1095,1d374
786,1d374
783,1d374
537,1d374
534,1d374
784,1d374
1213,1d374
754,1d374
1212,1d374
1211,1d374
1096,1d374
3811,c0e01
3812,c0e01
3518,92571
4417,e0eed
4419,e0eed
3935,e0eed
3937,e0eed
3932,e0eed
3933,e0eed
6085,5c120
5847,5c120
6200,3f04f
3804,8f572
2791,3a305
90,7e392
92,7e392
3690,a2596
5103,a2596
6433,0ecf8
3171,0f7ae
2936,0f7ae
3170,0f7ae
2937,0f7ae
7215,73908
7213,73908
3876,bb0c0
1277,49bc5
5128,bd9a6
2746,583c4
3624,583c4
2410,583c4
2747,583c4
3180,583c4
5908,7b71b
5999,7b71b
4872,a7731
4871,a7731
4874,a7731
4870,a7731
4746,a7731
6470,af25b
6471,af25b
6705,af25b
2862,03517
2242,03517
2290,03517
3003,03517
2986,88bda
3161,88bda
3160,88bda
3001,88bda
1557,8958d
6639,b00d6
6963,466f0
6962,466f0
6669,466f0
5985,12da9
6032,6c1ac
6030,6c1ac
6033,6c1ac
5943,6c1ac
5944,6c1ac
5595,6c1ac
5418,6c1ac
5583,6c1ac
6305,421fa
6306,421fa
7083,421fa
6522,e3a82
6520,e3a82
6983,e3a82
6548,e3a82
1014,eb3ab
1011,eb3ab
5495,e5b6a
5250,eeaa2
4124,eeaa2
4895,eeaa2
4123,eeaa2
4122,eeaa2
945,38086
5948,08740
5529,08740
3359,c53f3
1570,ff4f7
1109,ceac6
6660,b516c
6657,b516c
6659,b516c
6622,b516c
6514,b516c
6620,b516c
6621,b516c
6321,b516c
3889,1203e
4280,1203e
5111,9d5a0
6574,1dd2e
4973,82d73
1617,865ac
1105,865ac
119,865ac
2406,899cf
3018,899cf
3147,899cf
4089,d3089
3838,d3089
3836,d3089
4890,8ac43
4182,7575d
4183,7575d
7040,18dd0
6649,18dd0
1197,95a88
1194,95a88
6114,5133b
5217,80c07
6522,66760
6912,66760
6914,66760
6915,66760
6985,66760
658,53e0d
659,53e0d
1126,53e0d
381,a76d8
2184,b19a6
3139,b19a6
7079,0aa46
3774,83e51
3989,004fa
1113,6aa48
5952,a77d1
1523,11b17
1520,11b17
99,11b17
1636,94a00
391,94a00
2014,15404
2119,15404
6163,63409
4408,83d17
4404,83d17
4115,83398
4741,83398
3379,7603d
1917,7603d
1918,7603d
5274,20168
3941,0276d
3940,0276d
770,c120e
769,c120e
1318,c120e
7043,7a40b
2179,182c3
2301,182c3
2468,3d983
2812,38396
4439,722f9
6693,f2f02
7131,f2f02
13,5c4fa
4781,1ab68
4779,1ab68
4778,1ab68
5432,9170e
6699,9b844
3561,c70cb
7072,67c2b
7075,67c2b
7074,67c2b
734,ba00d
1609,ba00d
1356,ba00d
738,ba00d
105,ba00d
737,ba00d
1612,ba00d
1640,ba00d
1310,ba00d
1312,ba00d
1676,ba00d
1678,ba00d
3459,d370e
2821,d370e
2148,d370e
3077,d370e
3076,d370e
2780,d370e
239,2be8f
5497,e504f
5887,a45bf
4290,135e9
4039,135e9
4397,135e9
4289,135e9
4395,135e9
1659,09520
1510,09520
1509,09520
434,09520
433,09520
436,09520
5372,fa421
5370,fa421
6816,5a014
6817,5a014
7168,5a014
6783,5a014
7317,7ee61
6955,dfd72
1475,48220
1476,48220
6898,931ee
6384,125a5
1149,c7ac7
6654,78699
6136,be1ae
1004,5e37a
109,2f851
1684,b0028
572,b0028
699,b0028
1042,b0028
700,b0028
463,b0028
1043,b0028
1040,b0028
395,b0028
1041,b0028
1277,b0028
5745,9a62b
2902,9a85e
2420,9a85e
2416,9a85e
1969,328e6
6069,b81ee
6072,b81ee
3608,86e2f
2809,86e2f
6366,6d753
7092,6d753
5995,eac11
6264,eac11
6078,eac11
6076,eac11
6077,eac11
6259,eac11
5233,4b31d
4614,589bf
6349,f069d
6346,f069d
6162,70f9f
5705,70f9f
2792,74f36
4210,87f98
3113,3d2a6
3115,3d2a6
183,6063b
360,6063b
492,6063b
1044,6063b
566,6063b
5288,6cef2
5652,6cef2
162,a7a76
251,47cf9
1604,47cf9
748,47cf9
1623,22f09
213,22f09
7132,f6b64
7133,f6b64
6399,f6b64
1267,60bd5
1265,60bd5
4986,7e3be
5051,7e3be
5429,7d633
4133,4fc62
4134,4fc62
5654,84e6e
993,47bca
5463,b5766
5743,b5766
6014,b5766
2278,2f048
2127,2f048
3286,30f20
3595,30f20
971,f87d2
626,f87d2
5705,b13db
